name	count
Michael	838131
Jacob	713501
Matthew	679781
Joshua	654300
Christopher	652509
Daniel	589381
Andrew	567048
Emily	562187
Joseph	552864
William	544247
David	532111
James	521781
Nicholas	511011
Ryan	506620
Anthony	505288
Tyler	494757
John	486237
Alexander	483293
Ashley	469920
Brandon	451528
Jordan	416448
Jonathan	411639
Jessica	410807
Samantha	408377
Zachary	405087
Emma	398486
Ethan	394867
Sarah	388624
Taylor	385742
Justin	384231
Elizabeth	383998
Olivia	379866
Benjamin	379373
Madison	373314
Hannah	367948
Robert	365144
Austin	356293
Dylan	353620
Alexis	353287
Samuel	353200
Christian	351314
Noah	346611
Logan	324071
Abigail	323470
Kevin	322512
Nathan	317529
Isabella	310667
Thomas	305477
Sophia	296969
Jose	282511
Kyle	279589
Kayla	277312
Lauren	277108
Aaron	275314
Gabriel	268505
Alyssa	264270
Victoria	260146
Mason	259576
Elijah	255992
Cameron	255775
Caleb	249850
Amanda	247491
Angel	238968
Megan	237952
Rachel	235620
Ava	234919
Eric	232140
Brianna	231868
Hunter	229936
Jennifer	225710
Charles	224971
Jason	223666
Jayden	221650
Adam	219960
Natalie	216809
Stephanie	214285
Brittany	214077
Jackson	213976
Anna	212079
Cody	211732
Luke	211190
Grace	210768
Evan	210643
Brian	210541
Nicole	210524
Isaac	208833
Morgan	207369
Jasmine	206980
Lucas	202670
Mia	201922
Connor	201749
Jack	200482
Steven	198200
Aiden	196845
Chloe	194600
Isaiah	192806
Katherine	191449
Liam	190143
Timothy	184182
Alexandra	182868
Juan	179192
Riley	178715
Allison	176499
Sean	176046
Luis	172345
Alex	169044
Rebecca	168283
Adrian	167772
Richard	166353
Gavin	161787
Julia	161126
Amber	160750
Ian	159342
Patrick	159220
Sydney	159219
Avery	157363
Danielle	155614
Hailey	153157
Savannah	152333
Nathaniel	152310
Julian	152211
Maria	152147
Kaitlyn	151464
Kimberly	150711
Courtney	150497
Carlos	148262
Michelle	145460
Bryan	144698
Chase	144147
Owen	144111
Carter	143638
Jesse	143285
Mary	142943
Landon	142104
Blake	141257
Ella	140933
Haley	140022
Jesus	139821
Wyatt	139281
Henry	139031
Andrea	138533
Destiny	137157
Brooke	136408
Jeremiah	135339
Jeremy	135338
Sebastian	135215
Melissa	135126
Sara	133587
Mark	130800
Devin	130687
Leah	125728
Mackenzie	124913
Addison	124285
Lily	122973
Evelyn	122021
Cole	120979
Kaylee	120749
Dominic	120145
Kelsey	119064
Sofia	118498
Vanessa	118377
Shelby	117514
Xavier	117186
Hayden	117138
Antonio	116709
Stephen	116329
Paige	116124
Katelyn	116027
Alexa	115503
Amelia	115177
Lillian	114802
Brayden	114345
Peyton	114187
Gabrielle	113962
Zoe	113700
Dakota	113587
Trevor	112591
Chelsea	112364
Colton	112133
Madeline	111911
Jared	111026
Bailey	110609
Christina	110496
Erin	110439
Levi	110385
Caroline	110227
Charlotte	110019
Miguel	110006
Aidan	110003
Kenneth	109429
Gabriella	108372
Parker	107816
Travis	106845
Paul	105817
Tristan	104513
Jeffrey	103935
Tiffany	103859
Victor	103802
Audrey	103632
Claire	103517
Seth	103483
Marcus	102741
Jenna	102265
Vincent	101989
Aubrey	101034
Laura	100921
Kylie	100806
Makayla	100336
Mariah	100172
Alejandro	99911
Carson	98912
Oliver	98135
Brooklyn	97830
Autumn	97573
Diego	97151
Edward	96956
Amy	96826
Faith	95501
Eli	94958
Garrett	94142
Bryce	94104
Josiah	93772
Derek	93340
Melanie	92362
Molly	91922
Jake	91885
Ariana	90782
Marissa	90186
Kelly	90113
Katie	90112
Angela	89611
Bradley	89456
Joel	89390
Colin	89384
Jacqueline	88891
Heather	88296
Sierra	86210
Tanner	86110
Maya	86047
Arianna	86013
Jaden	85625
George	85538
Catherine	84849
Casey	84058
Peter	83626
Aaliyah	83325
Jocelyn	82703
Kathryn	82354
Alexandria	82089
Gregory	81136
Jorge	80959
Spencer	80596
Cooper	80528
Oscar	80068
Briana	79593
Ashton	79410
Micah	79261
Dustin	78989
Erica	78857
Jamie	78740
Shane	78554
Layla	78479
Maxwell	78137
Nolan	77374
Zoey	77255
Shawn	77246
Skylar	77054
Corey	77026
Miranda	76692
Nevaeh	76621
Caitlin	76056
Cassandra	76002
Crystal	75822
Ivan	75715
Lindsey	75482
Alicia	75211
Trinity	75149
Jade	74789
Harper	74585
Max	74352
Wesley	73978
Diana	73922
Alan	73761
Grant	73520
Breanna	73274
Madelyn	73188
Ariel	72671
Payton	72650
Eduardo	72458
Kaleb	72068
Grayson	71641
Dalton	71509
Ayden	71343
Kennedy	71207
Scott	71129
Jaxon	71103
Angelina	71048
Isabel	70771
Margaret	70724
Brady	70705
Leslie	69698
Lydia	69682
Sabrina	69605
Preston	69073
Kristen	69061
Ricardo	68418
Francisco	68229
Shannon	67141
Damian	67016
Kendall	66964
Omar	66918
Nicolas	66491
Devon	66176
Sophie	66163
Collin	65663
Adriana	65415
Erik	64966
Cheyenne	64914
Naomi	64880
Gabriela	64876
Brody	64379
Genesis	64124
Mitchell	63770
Isabelle	63413
Raymond	63372
Brendan	62485
Gianna	61982
Camila	61704
Javier	60943
Giovanni	60662
Jace	60420
Sadie	59958
Cristian	59894
Kaden	59795
Caden	59641
Jada	59624
Andres	59514
Johnathan	59351
Valerie	59318
Manuel	59228
Monica	58842
Ruby	58819
Ana	58582
Lucy	58570
Elias	58344
Emmanuel	58263
Mario	58260
Eva	57786
Daisy	57318
Dillon	57229
Skyler	57027
Jonah	56800
Fernando	56562
Angelica	56144
Gage	56112
Mckenzie	56086
Bryson	55864
Erika	55770
Jordyn	55751
Natalia	55488
Miles	55407
Bianca	55373
Martin	55013
Edgar	54831
Veronica	54793
Summer	54737
Scarlett	54734
Brett	54622
Leonardo	53409
Kayden	53388
Ellie	53160
Hudson	53117
Cassidy	53097
Serenity	53011
Rylee	52965
Harrison	52832
Reagan	52690
Cesar	52670
Quinn	52496
Mya	52317
Daniela	52304
Karen	51858
Mikayla	51848
Cynthia	51770
Clayton	51745
Conner	51737
Bella	51735
Valeria	51498
Abraham	50649
Calvin	50643
Jillian	50601
Hector	50600
Drew	50509
Andre	50282
Edwin	49909
Bethany	49535
Erick	49451
Brittney	49180
Sergio	48910
Nora	48701
Sawyer	48543
Lincoln	48510
Asher	48016
Troy	47940
Phillip	47864
Meghan	47862
Dominique	47711
Stella	47650
Carly	47632
Leo	47445
Cory	47378
Roman	47376
Kendra	47301
Caitlyn	47022
Keith	46979
Lindsay	46917
Liliana	46766
Ronald	46580
Frank	46401
Elena	46234
Roberto	46182
Karina	46125
Theodore	46107
Gracie	45913
Mateo	45793
Easton	45642
Santiago	45630
Marco	45577
Trenton	45441
Derrick	44935
Vivian	44933
Alec	44928
Donald	44449
Kaitlin	44421
Whitney	44302
Juliana	44253
Holly	44226
Kiara	44223
Eleanor	44180
Hope	44054
Malachi	43978
Kylee	43930
Camden	43910
Julie	43893
Braxton	43866
Christine	43579
Aria	43515
April	43486
Kara	43338
Brenda	43168
Ashlyn	43146
Reese	42915
Violet	42734
Kate	42436
Johnny	42421
Ryder	42341
Colby	42165
Donovan	41976
Michaela	41929
Bentley	41798
Alison	41738
Josue	41372
London	41266
Alejandra	41257
Jaxson	41004
Penelope	40767
Hayley	40639
Charlie	40618
Braden	40603
Alana	40494
Annabelle	40383
Malik	40332
Damien	40254
Piper	40252
Chance	40235
Andy	39939
Israel	39857
Jaime	39821
Kristina	39817
Clara	39736
Alexia	39720
Desiree	39691
Ruben	39624
Lilly	39603
Rebekah	39583
Rafael	39555
Pedro	39498
Elise	39381
Adrianna	39374
Ezra	39002
Kai	38980
Makenzie	38950
Giselle	38906
Maggie	38781
Josephine	38687
Chad	38517
Abby	38284
Jayla	38138
Kathleen	38136
Mallory	38126
Alice	38085
Joanna	37973
Darius	37708
Jalen	37640
Jazmin	37546
Lisa	37463
Julianna	37338
Dallas	37107
Chandler	37059
Aliyah	37032
Allen	36995
Alondra	36918
Jaylen	36863
Zane	36831
Khloe	36743
Tucker	36738
Jessie	36714
Patricia	36705
Philip	36487
Tessa	36455
Jasmin	36370
Harley	36358
Aubree	36101
Selena	35826
Ezekiel	35792
Kaiden	35770
Mckenna	35729
Griffin	35713
Raven	35686
Rachael	35612
Natasha	35583
Weston	35546
Delaney	35479
Jaiden	35444
Axel	35434
Aurora	35360
Kristin	35225
Guadalupe	35074
Eden	34889
Karla	34773
Cecilia	34579
Keegan	34571
Douglas	34400
Tara	34374
Allyson	34280
Dawson	34003
Eliana	33956
Raul	33934
Nancy	33867
Dominick	33836
Dennis	33829
Louis	33684
Cayden	33633
Dana	33629
Melody	33541
Jonathon	33501
Curtis	33369
Kameron	33356
Gerardo	33276
Jazmine	33262
Abel	33224
Ty	33087
Esther	33062
Armando	33061
Esmeralda	33051
Alaina	33006
Simon	32941
Nina	32915
Paisley	32881
Camille	32647
Callie	32564
Kyla	32505
Julio	32477
Mathew	32476
Jerry	32445
Randy	32311
Marcos	32106
Laila	32091
Hanna	32049
Dante	32044
Trey	32042
Emerson	32015
Zion	31956
Gary	31955
Jude	31879
Declan	31841
Mila	31770
Carmen	31757
Silas	31707
Diamond	31687
Justice	31657
Cora	31641
Corbin	31461
Myles	31337
Tony	31269
Claudia	31252
Lorenzo	31185
Ivy	31152
Hazel	31151
Nadia	31122
Maddox	30994
Rowan	30894
Sandra	30869
Rylan	30844
Enrique	30826
Danny	30662
Mariana	30569
Rose	30501
Greyson	30337
Drake	30320
Elliot	30318
Kyra	30243
Amari	30091
Miriam	29962
Brooklynn	29958
Katrina	29820
Kyler	29808
Larry	29808
Brielle	29689
Anastasia	29595
Trent	29584
Lukas	29400
Valentina	29355
Bennett	29228
Jimmy	29224
Dean	29181
Priscilla	29143
Bridget	29129
Arthur	28905
Camryn	28895
Lane	28878
Angelo	28680
Albert	28648
Graham	28645
Brennan	28633
Ciara	28620
Alberto	28563
Jakob	28431
Paris	28406
Heidi	28395
Allie	28377
Fabian	28330
Amaya	28263
Jameson	28243
Krystal	28211
Delilah	28186
Walter	28161
Katelynn	28125
Everett	28080
Brandi	28048
Brock	27938
Kirsten	27921
Ali	27918
Cindy	27870
Madeleine	27771
Amir	27725
Savanna	27649
Makenna	27612
Keira	27573
Elliott	27569
Russell	27391
Tatiana	27382
Eliza	27306
Josie	27253
Kayleigh	27237
Macy	27063
Hadley	27025
Haylee	27008
Tori	27001
Carolina	26921
Jayce	26901
Kira	26838
Asia	26819
Fatima	26644
Lance	26628
Emilio	26624
Tyson	26622
Lacey	26548
Anne	26541
Emanuel	26512
Kassandra	26461
Mercedes	26321
Marc	26271
Darren	26189
Alivia	26184
Yesenia	26150
Ashlee	26138
Ruth	26056
Sidney	26056
Zackary	25971
Ricky	25968
Marley	25912
Alina	25844
Willow	25841
Denise	25822
Luca	25781
Meredith	25759
Sage	25669
Kasey	25667
Celeste	25642
Lawrence	25597
Carl	25469
Kristopher	25312
Jay	25274
Iris	25238
Deanna	25231
Brent	25124
Annie	25058
Alayna	25039
Cade	25018
Genevieve	24961
Xander	24934
Emmett	24908
Marisa	24852
Serena	24851
Pablo	24806
Gustavo	24802
Arturo	24696
Luna	24665
Lyla	24462
Izabella	24444
Beau	24420
Lila	24339
Heaven	24331
Leilani	24331
Terry	24259
Emery	24108
Daniella	24102
Jeffery	24097
Damon	24079
Emilia	24044
Kailey	24039
Felix	23992
Joe	23988
Britney	23966
Aniyah	23914
Fiona	23892
Maximus	23829
Teagan	23780
Craig	23772
Georgia	23765
Sienna	23732
Kingston	23680
Adeline	23669
Wendy	23653
Linda	23648
Cierra	23492
Marshall	23437
Ximena	23433
Landen	23384
Helen	23355
Lucia	23324
Kamryn	23323
Ryleigh	23283
Alfredo	23245
Tabitha	23236
Monique	23231
Leila	23208
Saul	23186
Sasha	23180
Imani	23172
Alissa	23141
Presley	23047
Alisha	23021
Micheal	22973
River	22887
Rosa	22856
Noel	22831
Nickolas	22787
Meagan	22744
Tristen	22715
Bryant	22600
Zachery	22512
Carolyn	22502
Marvin	22468
Tatum	22390
Kinsley	22359
Ramon	22347
Ashlynn	22314
Cristina	22294
Reid	22277
Athena	22275
Shayla	22241
Phoenix	22238
Teresa	22231
Brenden	22228
Ryker	22107
Noelle	22066
Ismael	21994
Desmond	21846
Kiana	21786
Jane	21775
Lexi	21729
Harmony	21726
Chelsey	21725
Rodney	21698
Quentin	21692
Clarissa	21664
Gael	21617
Gloria	21614
Brenna	21571
Talia	21489
Gina	21327
Krista	21303
Marina	21238
Lizbeth	21234
Esteban	21230
Maurice	21224
Jasper	21142
Raquel	21133
Janelle	21067
Deandre	20965
Virginia	20945
Brantley	20838
Ashleigh	20836
Roger	20710
Brandy	20706
Holden	20694
Brynn	20687
Julius	20683
Finley	20636
Julissa	20594
Cadence	20548
Tiana	20543
Malcolm	20475
Emiliano	20430
Kali	20407
Eddie	20402
Salvador	20197
August	20163
Ellen	20160
Bobby	20114
Arielle	20059
Paola	20056
Marie	20051
Zander	19953
Maverick	19908
Jayson	19847
Phoebe	19807
Zachariah	19647
Felicia	19604
Jon	19597
Adan	19565
Lola	19536
Emilee	19483
Francesca	19463
Renee	19463
Conor	19420
Ernesto	19388
Moises	19378
Billy	19372
Baylee	19317
Jenny	19314
Malia	19244
Kaylie	19242
Keaton	19178
Joaquin	19172
Cara	19137
Nia	19089
Jase	18980
Kody	18911
Jamal	18897
Shaun	18867
Martha	18852
Bruce	18821
Frederick	18811
Tommy	18755
Susan	18697
Lena	18661
Alexus	18605
Finn	18585
Norah	18555
Maddison	18524
Marisol	18510
Aden	18509
Leon	18493
Francis	18468
Orlando	18373
Lauryn	18338
Hugo	18336
Terrance	18314
Juliet	18309
Skye	18278
Paxton	18239
Lyric	18231
Joy	18229
Elisabeth	18194
Roy	18148
Reed	18138
Rodrigo	18135
Rylie	18123
Judah	18118
Reece	18081
Kassidy	18046
Jayda	18029
Caiden	18002
Kristian	17999
Jaclyn	17941
Kiera	17941
Emely	17938
Nikolas	17930
Colleen	17899
Elaina	17890
Davis	17869
Chris	17863
Lee	17859
Branden	17748
Willie	17705
Darian	17704
King	17668
Bryanna	17647
Quinton	17617
Mayra	17602
Johanna	17587
Reginald	17554
Kyleigh	17531
Franklin	17501
Gerald	17500
Robin	17492
Adalyn	17477
Demetrius	17465
Walker	17465
Anderson	17458
Isla	17449
Madalyn	17448
Todd	17433
Nayeli	17385
Kendrick	17353
Viviana	17293
Tamara	17283
Ayla	17256
Carla	17228
Kaylin	17062
Kelvin	16966
Theresa	16939
Jaylin	16918
Cash	16907
Alyson	16864
Jacquelyn	16855
Janet	16821
Tiara	16804
Zayden	16787
Londyn	16778
Cruz	16764
Tia	16746
Justine	16740
Brooks	16724
Mikaela	16715
Rene	16673
Karter	16612
Sylvia	16588
Raegan	16558
Angie	16550
Nelson	16535
Maci	16532
Marilyn	16522
Juliette	16520
Armani	16519
Adalynn	16516
Stacy	16497
Hallie	16437
Alessandra	16423
Katlyn	16365
Warren	16359
Randall	16339
Melvin	16240
Madilyn	16232
Sharon	16232
Tate	16201
Dane	16186
Regina	16186
Kobe	16184
Yasmin	16168
Marquis	16164
Taryn	16152
Elisa	16114
Barbara	16105
Byron	16086
Gunner	16075
Carissa	16052
Kelsie	16030
Kiley	15996
Mauricio	15995
Nichole	15973
Waylon	15964
Kenzie	15912
Itzel	15899
Alanna	15890
Rory	15880
Remington	15876
Johnathon	15866
Khalil	15865
Annika	15809
Aniya	15777
Perla	15764
Cassie	15739
Dulce	15691
Quincy	15653
Terrell	15634
Ross	15600
Guillermo	15561
Angelique	15547
Joey	15529
Sam	15508
Sarai	15477
Grady	15470
Kade	15424
Cali	15415
Macie	15368
Dorian	15351
Pamela	15314
Candace	15313
Haven	15239
Kaitlynn	15233
Kaydence	15233
Arabella	15214
Nyla	15195
Joselyn	15172
Destinee	15156
Braylon	15131
Wade	15065
Kinley	15052
Lilliana	15029
Solomon	14974
Adrienne	14972
Jonas	14967
Ainsley	14939
Devan	14905
Aspen	14856
Madisyn	14848
Anahi	14840
Carrie	14835
Ronnie	14816
Jadyn	14811
Alvin	14804
Steve	14794
Miracle	14757
Addyson	14696
Issac	14634
Terrence	14633
Deborah	14631
Shania	14628
Aimee	14624
Deja	14622
Isiah	14594
Irene	14589
Sonia	14585
Uriel	14567
Titus	14526
Simone	14516
India	14508
Karissa	14495
Fernanda	14428
Jax	14427
Jermaine	14397
Tyrone	14394
Ann	14390
Javon	14332
Hailee	14330
Nehemiah	14317
Tracy	14310
Karson	14297
Lia	14288
Matteo	14271
Brendon	14258
Frances	14224
Cheyanne	14106
Stacey	14095
Brayan	14081
Lana	14067
Leonel	14047
Adelyn	14045
Kaleigh	14014
Kierra	14000
Kenya	13998
Tania	13993
Beckett	13947
Neil	13930
Zackery	13920
Nathanael	13896
Darrell	13872
Daphne	13860
Paulina	13857
Ebony	13816
Jerome	13814
Regan	13791
Tobias	13788
Alma	13785
Larissa	13757
Kaelyn	13745
Felipe	13659
Rhett	13635
Wayne	13627
Anya	13571
Moses	13564
Aileen	13543
Bailee	13537
Jaelyn	13536
Carley	13517
Toni	13463
Jett	13458
Sterling	13453
Devyn	13449
Colten	13435
Colt	13419
Allan	13411
Madelynn	13399
Bria	13393
Noe	13375
Jarrett	13374
Candice	13343
Mohamed	13343
Leland	13330
Emilie	13293
Maximiliano	13258
Leonard	13247
Milo	13241
Kelli	13238
Journey	13235
Elisha	13224
Ari	13219
Romeo	13215
Paula	13205
Blaine	13197
Evangeline	13194
Raelynn	13193
Haleigh	13170
Maximilian	13112
Braeden	13105
Camron	13071
Stanley	13066
Ahmad	13056
Precious	13050
Gwendolyn	12992
Halle	12974
Jamison	12970
Lorena	12957
Orion	12956
Elaine	12924
Marlene	12918
Kenny	12909
Arya	12879
Trevon	12868
Braydon	12860
Lesly	12818
Elle	12795
Tanya	12780
Maritza	12772
Barrett	12757
Hillary	12648
Tayler	12640
Kellen	12614
Nathalie	12612
Jazlyn	12595
Cohen	12584
Alonzo	12577
Gunnar	12519
Lilian	12515
Wilson	12501
Melina	12485
Kailyn	12484
Harry	12454
Clay	12435
Tomas	12426
Rosemary	12424
Toby	12393
Catalina	12391
Helena	12376
Edith	12374
Madyson	12373
Everly	12366
Nataly	12356
Dexter	12321
Samara	12313
Ayanna	12307
Annabella	12277
Cyrus	12268
Mckayla	12262
Ellis	12249
Pierce	12238
Eugene	12232
Aisha	12177
Aleah	12171
Abbey	12166
Amira	12165
Ray	12165
Kiersten	12164
Janae	12163
Clinton	12142
Estrella	12130
Messiah	12127
Cedric	12106
Rodolfo	12101
Nova	12078
Kolton	12067
Lilah	12056
Lexie	12009
Judith	11982
Amiyah	11962
Rogelio	11938
Corinne	11936
Jimena	11920
Alfonso	11919
Julianne	11919
Kieran	11913
Keenan	11877
Anika	11871
Shea	11847
Milan	11840
Iker	11813
Lucille	11796
Melinda	11763
Marlon	11761
Jaqueline	11756
Jamari	11743
Gia	11737
Charity	11714
Danica	11713
Leanna	11712
Jordon	11711
Noemi	11704
Tina	11703
Frankie	11701
Amara	11686
Blair	11685
Aubrie	11673
Adelaide	11663
Deshawn	11647
Elliana	11643
Amani	11627
Adriel	11611
Lea	11608
Nikki	11600
Kaila	11599
Anaya	11590
Dale	11584
Gemma	11580
Gideon	11553
Carlie	11507
Chasity	11499
Felicity	11463
Lewis	11453
Lillie	11445
Clare	11441
Eve	11434
Mollie	11416
Ahmed	11392
Dwayne	11387
Melany	11384
Rudy	11336
Kaley	11277
Marlee	11276
Miley	11264
Reyna	11262
Yasmine	11194
Mohammad	11193
Harold	11180
Kennedi	11180
Ernest	11177
Nasir	11168
Danna	11164
Luz	11151
Maia	11145
Davion	11144
Kailee	11143
Leticia	11142
Ada	11140
Gilberto	11131
Tamia	11112
Darryl	11099
Camilla	11095
Karlee	11086
Porter	11075
Tristin	11071
Isaias	11066
Mckinley	11066
Rocco	11035
Araceli	11007
Abram	10992
Tevin	10992
Liana	10970
Janessa	10969
Abbigail	10950
Ezequiel	10936
Kadence	10935
Ramiro	10917
Muhammad	10914
Kane	10894
Mara	10890
Eileen	10886
Dayana	10864
Gilbert	10838
Brynlee	10835
Carina	10835
Gillian	10804
Gianni	10802
Vivienne	10797
Maeve	10779
Annalise	10775
Kourtney	10770
Mohammed	10754
Clark	10751
Aylin	10749
Tyrell	10749
Forrest	10743
Kellie	10738
Izaiah	10735
Damion	10728
Cullen	10723
Cristal	10722
Chanel	10698
Janiyah	10678
Triston	10678
Elsie	10656
Charlee	10638
Devonte	10635
Tianna	10598
Rosalie	10591
Brycen	10585
Tess	10585
Laurel	10558
Ashanti	10557
Ibrahim	10556
Skyla	10552
Eloise	10499
June	10499
Liberty	10468
Elyse	10443
Duncan	10440
Maliyah	10437
Kolby	10422
Layne	10408
Mariam	10346
Elsa	10345
Celia	10339
Jean	10332
Ronan	10317
Tierra	10310
Nicolette	10309
Robyn	10291
Osvaldo	10287
Nico	10276
Rolando	10274
Karl	10253
Ben	10241
Dayton	10241
Mekhi	10238
Donna	10237
Talon	10224
Shayna	10223
Thalia	10200
Cecelia	10186
Asa	10185
Yahir	10185
Moriah	10174
Kaylyn	10170
Loren	10148
Enzo	10090
Glenn	10081
Kamila	10063
Lesley	10061
Abbie	10049
Rashad	10049
Alisa	10046
Janiya	10015
Davon	10013
Alijah	10003
Stefan	9999
Tyree	9997
Jensen	9996
Maribel	9996
Macey	9978
Shiloh	9969
Carlee	9962
Amina	9956
Leighton	9956
Brianne	9947
Landyn	9946
Joyce	9938
Scarlet	9910
Will	9885
Kaylynn	9880
Moshe	9880
Kamari	9877
Vicente	9872
Nash	9868
Myla	9844
Isis	9821
Laney	9821
Trace	9819
Breana	9818
Tatyana	9813
Yvette	9809
America	9795
Aldo	9790
Dorothy	9777
Kaia	9770
Donte	9751
Raphael	9750
Johan	9743
Olive	9737
Knox	9712
Deven	9637
Montana	9594
Kendal	9586
Lamar	9568
Antonia	9555
Alfred	9552
Shawna	9545
Braylen	9518
Sloane	9512
Darien	9506
Alena	9502
Jaycee	9471
Jadon	9466
Archer	9463
Blanca	9459
Isabela	9435
Prince	9423
Jayleen	9420
Jaquan	9419
Jaylon	9362
Haylie	9354
Aron	9348
Kristine	9335
Antoine	9319
Micaela	9314
Karlie	9312
Alvaro	9304
Stephany	9295
Gracelyn	9272
Kari	9242
Rohan	9235
Ansley	9234
Chelsie	9219
Sandy	9214
Kason	9190
Amya	9170
Zoie	9154
Jackie	9125
Brylee	9118
Gisselle	9118
Christy	9081
Braelyn	9079
Ingrid	9063
Ariella	9062
Efrain	9058
Denzel	9056
Giuliana	9048
Markus	9031
Desirae	9023
Yaretzi	9018
Remy	9005
Rhiannon	9004
Roland	8990
Zara	8988
Katharine	8987
Julien	8985
Chaya	8975
Darnell	8972
Vera	8961
Kareem	8955
Tyra	8952
Ulises	8944
Geoffrey	8942
Ally	8934
Yadira	8929
Greta	8926
Carol	8921
Killian	8909
Quintin	8884
Cayla	8881
Ericka	8876
Lara	8874
Arely	8856
Keagan	8855
Ciera	8854
Campbell	8843
Margarita	8825
Sheldon	8824
Averie	8822
Jeanette	8816
Ralph	8803
Atticus	8800
Cortney	8785
Baby	8779
Brice	8762
Kerry	8762
Zariah	8748
Kurt	8737
Bonnie	8736
Reilly	8731
Kamden	8725
Kallie	8720
Jefferson	8719
Shyanne	8711
Hana	8709
Winston	8691
Stevie	8684
Kyrie	8682
Sheila	8670
Sky	8669
Iliana	8663
Dahlia	8661
Selina	8661
Beatrice	8648
Jacoby	8641
Mariela	8631
Michele	8629
Raelyn	8628
Marquise	8624
Karli	8616
Demarcus	8611
Jewel	8610
Annabel	8605
Clarence	8571
Giovanna	8571
Aleena	8564
Zaria	8559
Ryland	8556
Jaida	8537
Kathy	8534
Kaya	8530
Jaydon	8529
Savanah	8515
Kristy	8502
Coleman	8497
Roderick	8491
Sally	8490
Jaliyah	8483
Jaylynn	8474
Derick	8439
Karly	8430
Brodie	8426
Randi	8426
Conrad	8416
Ayana	8404
Annette	8398
Myah	8387
Jazmyn	8382
Charley	8381
Jamar	8369
Anita	8368
Jayceon	8367
Royce	8362
Lorelei	8349
Kori	8334
Jaidyn	8324
Cristopher	8320
Garret	8319
Esperanza	8314
Myra	8306
Kellan	8293
Lawson	8287
Rachelle	8278
Caylee	8268
Sullivan	8262
Emory	8253
Janice	8250
Christa	8248
Jairo	8234
Diane	8232
Celine	8223
Trisha	8220
Demi	8208
Jolie	8202
Aryanna	8199
Tyrese	8197
Danika	8191
Dominik	8185
Mike	8184
Susana	8181
Roxanne	8177
Essence	8169
Freddy	8159
Zechariah	8145
Jorden	8142
Addisyn	8139
Lacy	8139
Kaliyah	8137
Jaylah	8130
Keely	8128
Matias	8126
Adelynn	8116
Cason	8083
Lainey	8082
Humberto	8076
Howard	8063
Omari	8061
Princess	8046
Alia	8027
Nigel	8026
Rhys	8018
Beatriz	7998
Leia	7997
Natalee	7996
Yvonne	7996
Deon	7988
Kelsi	7987
Jarrod	7968
Jaron	7955
Brennen	7953
Marianna	7948
Saige	7945
Damaris	7940
Kacey	7938
Ryann	7906
Ember	7896
Heath	7886
Shirley	7881
Joslyn	7869
Kacie	7866
Perry	7863
Aliya	7859
Adolfo	7855
Aiyana	7850
Ace	7838
Celina	7833
Salvatore	7832
Agustin	7825
Devante	7823
Brinley	7816
Rebeca	7816
Alonso	7801
Lori	7799
Kimora	7762
Yolanda	7751
Patience	7729
Lyndsey	7724
Salma	7718
Bridgette	7707
Bernard	7705
Kian	7705
Nylah	7697
Dalia	7690
Adonis	7689
Deangelo	7685
Bo	7681
Gretchen	7673
Stephan	7669
Yazmin	7667
Arjun	7650
Jaelynn	7646
Selah	7645
Sydnee	7645
Anabelle	7629
Yareli	7629
Blakely	7593
Kole	7593
Lennon	7592
Jarred	7575
Kayley	7574
Paloma	7573
Gordon	7570
Uriah	7552
Katarina	7544
Giana	7532
Luciano	7525
Stefanie	7521
Maura	7515
Miah	7513
Augustus	7512
Austyn	7512
Winter	7511
Dashawn	7509
Madilynn	7487
Finnegan	7481
Junior	7463
Shanice	7461
Madalynn	7456
Rocio	7450
Luciana	7446
Emmalee	7433
Maryam	7430
Mattie	7424
Joelle	7417
Sincere	7413
Malaysia	7403
Meaghan	7399
Irvin	7392
Audrina	7390
Boston	7387
Remi	7386
Marcel	7385
Rayna	7374
Davin	7371
Ashly	7369
Semaj	7367
Jana	7364
Casandra	7358
Leroy	7349
Jaylene	7337
Brisa	7336
Clifford	7310
Lilyana	7307
Abril	7306
Austen	7302
Kenia	7297
Misty	7290
Ignacio	7275
Landry	7275
Briella	7262
Joan	7253
Kenna	7252
Mira	7242
Siena	7241
Brad	7232
Elissa	7230
Tylor	7221
Alexandrea	7210
Magdalena	7200
Lizeth	7190
Kianna	7175
Harvey	7163
Katelin	7155
Nikita	7154
Aliza	7145
Cherish	7143
Darlene	7139
Oakley	7138
Korbin	7122
Arlene	7117
Evelynn	7115
Justus	7109
Mina	7099
Kelley	7088
Barry	7081
Daquan	7078
Raina	7069
Evie	7062
Kaylen	7061
Kylan	7051
Pearl	7049
Kash	7046
Misael	7040
Major	7031
Chana	7029
Taliyah	7027
Destiney	7020
Alessandro	7016
Santana	7016
Shayne	7016
Malakai	7011
Reina	7009
Sonya	7003
Shaina	7001
Cannon	6991
Sariah	6979
Katy	6971
Jacey	6966
Braiden	6965
Alani	6961
Silvia	6944
Daryl	6938
Channing	6915
Lina	6913
Zuri	6913
Azariah	6911
Chantel	6893
Zaiden	6892
Rex	6888
Destini	6883
Jarod	6882
Brittani	6881
Amiya	6878
Jayde	6868
Christiana	6865
Thiago	6863
Zayne	6863
Hassan	6862
Jolene	6862
Colette	6861
Kristi	6860
Rita	6853
Layton	6851
Brenton	6828
Xzavier	6828
Belinda	6827
Jacklyn	6824
Maleah	6824
Thaddeus	6819
Tristian	6818
Deacon	6811
Norma	6810
Korey	6809
Infant	6802
Alden	6801
Emersyn	6792
Niko	6788
Halie	6783
Karsyn	6774
Marion	6770
Keyla	6766
Rubi	6761
Angeline	6760
Dion	6759
Belen	6749
Tasha	6749
Carli	6744
Briley	6742
Santino	6741
Stuart	6737
Anton	6736
Lizette	6736
Norman	6732
Dillan	6725
Charlene	6723
Jarvis	6720
Earl	6717
Anissa	6713
Santos	6702
Houston	6695
Karley	6687
Journee	6671
Elvis	6670
Tanisha	6652
Aracely	6649
Lexus	6645
Fredrick	6643
Tegan	6641
Dawn	6634
Kory	6633
Hamza	6630
Monserrat	6627
Ashtyn	6623
Raiden	6610
Theo	6610
Beckham	6603
Bristol	6599
Jamarion	6597
Yaritza	6591
Chaz	6589
Jaylee	6589
Jaylyn	6589
Kasen	6567
Mireya	6548
Milton	6545
Daxton	6537
Kurtis	6535
Brook	6532
Vance	6529
Nathanial	6523
Dangelo	6516
Akira	6515
Unique	6495
Darby	6490
Reuben	6488
Mathias	6476
Jabari	6468
Adrien	6467
Jill	6462
Sonny	6454
Matthias	6447
Millie	6446
Draven	6442
Maranda	6425
Deonte	6419
Kenley	6418
Coby	6413
Reynaldo	6410
Antoinette	6400
Camren	6398
Hilary	6395
Sherlyn	6394
Emelia	6390
Kinsey	6386
Legend	6385
Luka	6383
Octavio	6382
Tiffani	6382
Shay	6374
Kasandra	6362
Graciela	6360
Thea	6353
Amelie	6347
Rigoberto	6346
Keon	6344
Darion	6334
Libby	6333
Suzanne	6332
Giancarlo	6328
Jovan	6312
Jenifer	6310
Lucero	6308
Juanita	6307
Alysha	6305
Amaris	6286
Chaim	6278
Fabiola	6274
Litzy	6272
Soren	6270
Ryley	6264
Cortez	6261
Gracelynn	6255
Nikolai	6244
Lilia	6237
Royal	6216
Nathaly	6214
Vaughn	6206
Dimitri	6201
Shaniya	6200
Kamron	6198
Aryana	6194
Delia	6188
Jordin	6187
Kaci	6187
Lilianna	6187
Kaiya	6181
Kayli	6181
German	6180
Samir	6180
Clint	6178
Jayme	6178
Lennox	6178
Beverly	6176
Bronson	6176
Jakayla	6176
Saniya	6174
Shaylee	6170
Kirk	6158
Memphis	6157
Kalyn	6145
Aryan	6143
Laci	6141
Ariah	6137
Bret	6118
Alexzander	6116
Jalyn	6112
Kale	6111
Amirah	6108
Xiomara	6107
Zaire	6106
Jazlynn	6101
Leyla	6094
Dwight	6093
Yusuf	6090
Matilda	6088
Bruno	6074
Yosef	6074
Giovani	6073
Lacie	6072
Adelina	6071
Samson	6069
Frida	6064
Ivory	6055
Denver	6051
Kayson	6051
Breanne	6041
Farrah	6039
Mandy	6033
Leanne	6026
Daleyza	6023
Dayanara	6015
Sarahi	6008
Abdullah	6007
Rochelle	5998
Audra	5997
Marcelo	5997
Sarina	5991
Cornelius	5976
Anabel	5975
Lionel	5969
Case	5957
Shakira	5957
Blaze	5949
Galilea	5941
Estefania	5931
Miya	5931
Noor	5928
Adaline	5925
Shana	5924
Carlton	5923
Janie	5921
Benson	5920
Shyann	5911
Kaycee	5908
Garrison	5903
Dandre	5898
Emmalyn	5894
Roxana	5883
Yoselin	5883
Meadow	5882
Constance	5878
Sade	5877
Zain	5876
Ivanna	5874
Amos	5861
Fallon	5859
Nadine	5854
Asha	5853
Evelin	5852
Stephon	5851
Lamont	5850
Kaylah	5848
Amalia	5845
Astrid	5842
Dianna	5842
Berenice	5840
Antwan	5835
Octavia	5835
Anais	5826
Livia	5826
Luisa	5822
Briar	5814
Jamel	5813
Shaquille	5812
Elianna	5805
Hattie	5799
Saniyah	5798
Sloan	5797
Maegan	5790
Jagger	5769
Charli	5761
Natalya	5752
Sunny	5752
Allyssa	5751
Bryn	5749
Rayne	5743
Jovani	5739
Paislee	5739
Giovanny	5728
Odin	5728
Darwin	5718
Hank	5714
Roselyn	5708
Sammy	5708
Emmy	5701
Rayan	5698
Cale	5696
Alannah	5693
Lucian	5693
Dax	5689
Averi	5685
Willa	5683
Madden	5682
Jaeden	5673
Josh	5669
Jaxton	5664
Noa	5664
Anabella	5660
Abigayle	5659
Mae	5658
Kent	5656
Lonnie	5651
Shauna	5651
Makena	5646
Branson	5645
Marcella	5645
Johnnie	5641
Elyssa	5634
Yessenia	5630
Elmer	5622
Emerald	5621
Pierre	5619
Javion	5617
Hayes	5616
Shyla	5616
Hailie	5615
Harlow	5614
Valentin	5605
Darrius	5602
Kimber	5596
Kyree	5596
Hugh	5584
Nestor	5583
Terence	5581
Bowen	5579
Estevan	5577
Seamus	5576
Dario	5569
Jena	5555
Blaise	5548
Keshawn	5546
Harlee	5544
Alysa	5540
Rihanna	5538
Aydan	5530
Keri	5528
Bree	5524
Quinten	5519
Yael	5516
Adele	5494
Arden	5493
Dania	5490
Jasiah	5487
Alycia	5486
Isai	5479
Lynn	5479
Laken	5477
Clifton	5474
Jocelynn	5473
Neal	5472
Leona	5463
Braelynn	5456
Margot	5456
Katerina	5450
Sutton	5440
Addilyn	5437
Joanne	5436
Marian	5433
Nick	5432
Amare	5427
Glen	5420
Alayah	5416
Betty	5414
Donavan	5411
Jair	5411
Aliana	5401
Tre	5400
Van	5398
Mariyah	5397
Ivana	5391
Trista	5387
Samira	5385
Bryana	5384
Raheem	5384
Gino	5373
Cordell	5368
Renata	5365
Tammy	5355
Dina	5349
Mindy	5341
Elian	5339
Travon	5337
Jamir	5336
Juniper	5333
Rivka	5328
Gladys	5324
Connie	5314
Khadijah	5311
Guy	5309
Juana	5291
Vernon	5290
Malaya	5288
Arlo	5286
Jasmyn	5280
Areli	5276
Maxim	5272
Abagail	5269
Susanna	5256
Calista	5253
Maren	5252
Denisse	5251
Vincenzo	5249
Ireland	5247
Maxine	5245
Arian	5243
Joana	5232
Ashlie	5230
Carmelo	5230
Kalani	5230
Jodi	5220
Chyna	5219
Judy	5219
Rian	5216
Edison	5209
Corina	5204
Keila	5203
Eryn	5202
Darin	5198
Lloyd	5192
Rey	5192
Isabell	5190
Keisha	5186
Abigale	5185
Fletcher	5183
Sanaa	5179
Rhea	5177
Alize	5175
Arnold	5165
Fred	5165
Keanu	5163
Jamya	5151
Kaela	5150
Turner	5146
Rocky	5141
Azaria	5140
Bodhi	5140
Treasure	5140
Kyndall	5137
Freya	5134
Destin	5129
Mikel	5125
Jael	5121
Antony	5120
Gonzalo	5113
Makai	5113
Duane	5108
Yuliana	5103
Saylor	5098
Dixie	5096
Davian	5088
Gerard	5086
Nathalia	5085
Gannon	5080
Johana	5077
Alysia	5074
Lailah	5068
Hadassah	5064
Hollie	5048
Martina	5047
Deion	5041
Iesha	5041
Jaylan	5041
Carleigh	5036
Don	5036
Mabel	5029
Coral	5027
Darrin	5022
Selene	5019
Leann	5010
Justina	5009
Nya	5009
Shae	5009
Melisa	5007
Caleigh	5004
Shanna	4999
Hayleigh	4990
Kayleen	4990
Cori	4987
Kelsea	4982
Jovanni	4978
Adilene	4977
Rickey	4975
Tatianna	4975
Lilith	4972
Ulysses	4972
Lidia	4970
Tenley	4970
Dasia	4968
Addie	4967
Konner	4963
Geneva	4962
Lourdes	4961
Lorelai	4960
Sydni	4959
Laylah	4957
Kadin	4956
Cailyn	4953
Charleigh	4947
Shamar	4947
Gavyn	4940
Dani	4934
Aydin	4933
Christen	4929
Jazmyne	4925
Jedidiah	4917
Ronin	4914
Eliseo	4912
Marjorie	4912
Nyasia	4912
Otto	4912
Kensley	4911
Jackeline	4907
Lillianna	4906
Jailyn	4904
Zavier	4902
Taya	4898
Emani	4897
Koby	4897
Valentino	4896
Broderick	4885
Stone	4885
Eunice	4882
Darcy	4875
Callen	4869
Cheryl	4865
Camdyn	4864
Karis	4864
Savana	4859
Aarav	4854
Maricela	4848
Mika	4846
Braylee	4842
Clyde	4840
Tariq	4840
Ean	4839
Zahra	4835
Bernardo	4832
Betsy	4832
Madisen	4828
Princeton	4828
Ivette	4813
Aviana	4811
Vanesa	4805
Khalid	4802
Jordy	4801
Cain	4800
Konnor	4799
Mitchel	4795
Stormy	4791
Ayleen	4790
Debra	4780
Alexi	4779
Flor	4778
Shelbi	4777
Charlize	4776
Franco	4775
Dayna	4767
Haiden	4763
Breonna	4761
Aja	4760
Zakary	4758
Kylah	4757
Kerri	4756
Marin	4756
Carlo	4754
Hendrix	4753
Rosie	4750
Sydnie	4749
Rowen	4744
Leigha	4731
Beth	4730
Hezekiah	4729
Bobbie	4728
Leandro	4726
Azalea	4725
Alaya	4721
Jalisa	4721
Kya	4702
Janette	4700
Paityn	4700
Shantel	4697
Alexandro	4696
Riya	4694
Irving	4693
Jessa	4690
Jody	4690
Tayla	4686
Noelia	4684
Simeon	4684
Taniya	4681
Tonya	4680
Julieta	4678
Baylor	4675
Billie	4675
Kelton	4674
Annamarie	4671
Benny	4667
Whitley	4667
Zaniyah	4665
Valery	4660
Aaden	4658
Keeley	4656
Kirstin	4649
Trystan	4644
Yasmeen	4642
Estefany	4638
Shelbie	4638
Kenyon	4633
Augustine	4619
Zainab	4617
Caitlynn	4614
Donnie	4609
Jamarcus	4605
Kyson	4604
Heriberto	4603
Jalynn	4603
Rhianna	4598
Freddie	4596
Emmitt	4592
Mack	4588
Jennie	4578
Keyon	4571
Bradyn	4564
Heidy	4564
Aya	4559
Brionna	4557
Kevon	4557
Marques	4556
Maryjane	4555
Katia	4554
Rick	4554
Dakotah	4553
Tracey	4552
Andreas	4550
Mercy	4545
Wren	4543
Nyah	4542
Annelise	4540
Britton	4538
Chace	4533
Aditya	4529
Makaila	4524
Maximillian	4520
Eliezer	4519
Alyvia	4512
Rashawn	4496
Kristofer	4493
Lisette	4490
Nola	4490
Estella	4489
Marcela	4488
Ira	4484
Kendyl	4482
Iyana	4478
Lylah	4478
Priya	4473
Jessi	4470
Domonique	4469
Marquez	4466
Katlin	4465
Elana	4464
Iman	4464
Maximo	4464
Josef	4459
Anders	4446
Kolten	4444
Deasia	4441
Lorraine	4439
Maureen	4437
Leigh	4432
Jimmie	4424
Christie	4423
Dewayne	4422
Holland	4419
Gwyneth	4416
Latoya	4416
Yehuda	4410
Menachem	4408
Mustafa	4408
Nixon	4408
Kaeden	4407
Ramsey	4406
Anjali	4405
Alaysia	4403
Yamileth	4398
Chantal	4396
Nikhil	4389
Marlen	4380
Ayaan	4378
Tory	4377
Iyanna	4373
Jaedyn	4373
Jamil	4373
Louisa	4360
Maryann	4360
Grecia	4355
Alexys	4351
Kora	4350
Ellison	4347
Maisie	4346
Cristobal	4344
Cambria	4341
Tyshawn	4339
Sheridan	4325
Tabatha	4317
Mayson	4313
Sylas	4313
Rico	4312
Terra	4312
Dallin	4309
Rosario	4309
Gaige	4307
Aurelia	4306
Danae	4306
Efren	4305
Alton	4304
Brogan	4303
Milagros	4300
Amia	4294
Shreya	4290
Ronaldo	4289
Eddy	4283
Herbert	4283
Callum	4280
Stacie	4279
Miller	4278
Karma	4276
Yousef	4272
Gauge	4271
Unknown	4270
Domenic	4264
Cassius	4261
Annmarie	4260
Kalie	4256
Milena	4256
Avah	4250
Stetson	4246
Britany	4243
Lester	4243
Mariano	4243
Westin	4243
Davonte	4242
Nathen	4239
Avianna	4229
Deshaun	4226
Myron	4226
Aidyn	4222
Magnolia	4219
Alyse	4218
Bridger	4215
Wynter	4214
Jaxen	4211
Enoch	4205
Annalee	4201
Marisela	4198
Monroe	4197
Jan	4196
Immanuel	4193
Raymundo	4191
Savion	4191
Kalen	4187
Brea	4185
Benito	4181
Fidel	4181
Fisher	4181
Zack	4179
Jordynn	4174
Montserrat	4172
Andi	4170
Damarion	4167
Trever	4164
Leonidas	4162
Shelly	4162
Mari	4160
Keven	4158
Dylon	4156
Langston	4156
Gwen	4155
Kaylan	4152
Giavanna	4150
Georgina	4148
Audriana	4147
Carsyn	4146
Henley	4138
Kristie	4138
Jemma	4129
Yamilet	4125
Reanna	4124
Storm	4122
Otis	4120
Rosalinda	4117
Kadyn	4115
Dan	4109
Kamren	4109
Kodi	4109
Syed	4105
Irma	4100
Jessy	4096
Jaren	4095
Bayleigh	4092
Terri	4090
Alora	4083
Emmaline	4083
Jaleel	4082
Analia	4080
Truman	4074
Breann	4073
Kymani	4073
Jovanny	4070
Callan	4069
Taj	4065
Louise	4064
Geraldine	4062
Tripp	4056
Oswaldo	4055
Star	4055
Jeff	4053
Kalli	4048
Kyndal	4046
Karleigh	4043
Dontae	4040
Estefani	4040
Rayden	4039
Ariyah	4029
Hakeem	4026
Jaydin	4023
Janiah	4018
Jai	4017
Yajaira	4015
Audrianna	4014
Cataleya	4013
Damari	4012
Aleigha	4010
Aliah	4005
Olga	4005
Anisa	4001
Kirby	3997
Milana	3995
Jovany	3994
Sami	3988
Kala	3987
Zariyah	3985
Raylan	3984
Leeann	3981
Alyssia	3980
Alecia	3976
Marlena	3976
Keara	3975
Kairi	3973
Abdiel	3972
Dusty	3972
Kristyn	3972
Mariel	3972
Yahaira	3972
Ameer	3971
Eliot	3971
Lianna	3967
Akeem	3965
Duke	3964
Samiyah	3964
Kaelynn	3963
Racheal	3962
Jessika	3960
Carsen	3958
Yisroel	3956
Zeke	3953
Kalia	3950
Diya	3949
Kenton	3949
Canaan	3945
Sherry	3944
Ever	3942
Liza	3939
Aubrianna	3936
Zaid	3934
Abrianna	3933
Griselda	3933
Casen	3931
Esme	3928
Daria	3925
Atlas	3923
Jami	3921
Adela	3912
Cecily	3912
Aida	3911
Krysta	3907
Roxanna	3895
Adyson	3893
Harris	3892
Kingsley	3892
Daisha	3884
Anneliese	3879
Kynlee	3874
Violeta	3867
Latasha	3864
Bernadette	3859
Rosalyn	3858
Faye	3857
Benton	3855
Kelby	3855
Starr	3855
Tristyn	3849
Katheryn	3848
Dara	3843
Delanie	3842
Elvin	3842
Alisson	3841
Bradford	3841
Ladarius	3839
Lucinda	3837
Karsen	3836
Francesco	3834
Kassie	3831
Myranda	3826
Aiyanna	3823
Monika	3822
Coty	3821
Dora	3821
Karmen	3818
Joselin	3815
Izabelle	3811
Neveah	3804
Joann	3803
Camilo	3802
Dilan	3799
Pauline	3798
Kortney	3796
Yair	3796
Jaimie	3794
Scout	3793
Lyle	3789
Mordechai	3788
Braedon	3787
Keyshawn	3787
Dominque	3785
Linnea	3785
Annaliese	3784
Priscila	3784
Lilyanna	3781
Symone	3780
Christin	3779
Naya	3774
Denis	3772
Jessenia	3771
Valencia	3770
Kailynn	3769
Soraya	3766
Alexandre	3765
Katalina	3765
Kayle	3765
Leif	3763
Ramona	3761
Bobbi	3759
Amberly	3753
Maliah	3749
Kamille	3748
Markell	3745
Jericho	3743
Eleni	3732
Kamdyn	3731
Taniyah	3731
Bilal	3727
Leandra	3724
Donnell	3722
Kailani	3722
Katlynn	3720
Kendell	3719
Coy	3711
Amie	3709
Crosby	3709
Janna	3708
Darrion	3707
Lynette	3707
Elia	3704
Janay	3700
Natali	3700
Gene	3699
Nelly	3698
Promise	3692
Brecken	3691
Penny	3690
Ervin	3688
Edmund	3681
Cydney	3680
Bradly	3678
Sonja	3677
Jocelyne	3676
Anson	3675
Brandyn	3672
Darrian	3672
Kristal	3671
Talan	3671
Trevin	3671
Adrianne	3670
Ephraim	3663
Shaniqua	3658
Herman	3657
Markel	3656
Slade	3652
Jaycob	3647
Lucca	3646
Kalvin	3645
Xochitl	3642
Cecil	3641
Bishop	3640
Abrielle	3639
Harlie	3637
Citlali	3633
Alek	3631
Floyd	3628
Palmer	3628
Aubri	3626
Vladimir	3626
Adison	3625
Patrice	3625
Isaak	3618
Payten	3617
Pranav	3616
Davina	3615
Maiya	3613
Tyron	3609
Jaheim	3605
Loretta	3605
Kim	3604
Brandan	3599
Hans	3599
Amiah	3598
Aries	3597
Maison	3597
Chiara	3596
Ridge	3596
Elora	3590
Maira	3587
Raleigh	3587
Analise	3586
Gaven	3585
Mikah	3585
Justyn	3583
Yulissa	3581
Demarco	3577
Flynn	3571
Estelle	3566
Mylee	3563
Omarion	3563
Krish	3561
Vince	3561
Alessia	3555
Jaslyn	3554
Braylin	3552
Harlan	3550
Malaki	3547
Liv	3545
Malka	3543
Maddie	3541
Avi	3540
Dyllan	3537
Berkley	3536
Abner	3533
Jasmyne	3530
Abdul	3528
Brandie	3528
Brittni	3527
Jadiel	3527
Carrington	3526
Jamila	3524
Treyvon	3524
Gregorio	3520
Evangelina	3519
Vicky	3514
Latisha	3511
Aric	3510
Annemarie	3507
Hali	3507
Marianne	3507
Ethen	3505
Jeramiah	3505
Louie	3505
Collins	3504
Ishmael	3503
Rikki	3503
Gibson	3499
Gracyn	3494
Hernan	3493
Mikala	3491
Rileigh	3491
Harleigh	3490
Javonte	3490
Jaci	3489
Codi	3486
Elayna	3483
Brennon	3478
Karim	3474
Johnpaul	3473
Marleigh	3473
Shianne	3472
Brighton	3466
Cailey	3466
Belle	3463
Grey	3463
Kimberlee	3459
Cristofer	3458
Lanie	3457
Dalila	3455
Haden	3454
Dereck	3452
Finnley	3452
Judson	3452
Giada	3450
Dariel	3444
Brant	3441
Edna	3436
Samaria	3436
Cayson	3435
Andie	3434
Jakobe	3433
Westley	3433
Foster	3430
Mikael	3430
Desire	3429
Ellery	3429
Julisa	3428
Jaquelin	3424
Dakoda	3421
Arron	3420
Amarion	3419
Heavenly	3419
Annalisa	3417
Farah	3413
Azul	3412
Kiarra	3411
Magaly	3411
Jamaal	3410
Jelani	3410
Leena	3410
Kye	3409
Kimberley	3404
Niya	3401
Viridiana	3397
Kiran	3396
Jamia	3395
Neha	3395
Aedan	3390
Juwan	3390
Braulio	3388
Honesty	3384
Alesha	3383
Zayn	3383
Alanah	3381
Sheyla	3375
Jodie	3373
Cordelia	3372
Staci	3372
Deondre	3371
Bentlee	3369
Bryleigh	3369
Nakia	3368
Raylee	3368
Sahara	3367
Marlin	3366
Marcello	3365
Joseline	3363
Rosemarie	3363
Ginger	3360
Isidro	3360
Janell	3360
Yandel	3360
Alli	3359
Merrick	3359
Aislinn	3357
Hollis	3355
Kegan	3354
Izayah	3350
Salem	3347
Abbygail	3345
Jerimiah	3344
Ashely	3343
Geovanni	3340
Angelia	3337
Kyron	3337
Evalyn	3336
Lisbeth	3335
Calli	3333
Doris	3330
Naima	3328
Sofie	3324
Cinthia	3322
Margo	3322
Jaydan	3317
Ishaan	3316
Laurie	3316
Antwon	3314
Jacobi	3313
Dalilah	3310
Stewart	3310
Karolina	3307
Coraline	3306
Murphy	3304
Jaycie	3302
Zaira	3299
Dillion	3298
Serina	3295
Yaakov	3294
Jacquelin	3293
Cael	3292
Kiya	3292
Nalani	3292
Fredy	3287
Yara	3287
Emalee	3285
Nikole	3284
Shmuel	3282
Tamera	3280
Jacie	3276
Elin	3272
Torin	3271
Lela	3270
Caydence	3262
Darla	3261
Kaelin	3261
Ayesha	3260
Corrine	3256
Lazaro	3256
Latrell	3254
Demario	3252
Emmie	3250
Jourdan	3250
Micaiah	3250
Rianna	3244
Jacques	3242
Makenzi	3240
Antonella	3237
Janine	3237
Melia	3237
Kia	3234
Colter	3233
Jayvon	3233
Kalea	3230
Lachlan	3230
Samiya	3230
Trae	3229
Rio	3227
Baylie	3226
Lexis	3225
Chevy	3224
Milani	3223
Janeth	3213
Forest	3211
Shlomo	3211
Maxx	3209
Lissette	3204
Robbie	3204
Kathrine	3203
Jayna	3202
Amar	3201
Makhi	3200
Emmeline	3199
Aminah	3197
Elina	3197
Isha	3196
Kylen	3193
Kami	3188
Arnav	3187
Dequan	3187
Ananya	3186
Destany	3183
Cloe	3182
Miguelangel	3182
Sariyah	3181
Tye	3181
Nailah	3180
Rishi	3178
Cameryn	3177
Tom	3173
Graysen	3169
Brandt	3168
Kamilah	3168
Daron	3166
Arman	3162
Nala	3161
Demetria	3160
Makala	3158
Ailyn	3157
Ivonne	3155
Scarlette	3154
Marlie	3152
Moira	3152
Tricia	3150
Ajay	3146
Codie	3146
Arlette	3139
Vienna	3139
Sanai	3137
Eboni	3136
Rhyan	3136
Deandra	3133
Jevon	3132
Ocean	3131
Shimon	3131
Kyan	3126
Keily	3125
Sebastien	3124
Rilee	3123
Yessica	3119
Mickey	3112
Nellie	3110
Vihaan	3110
Blayne	3108
Urijah	3107
Johann	3106
Brookelyn	3103
Gentry	3102
Jonatan	3101
Traci	3101
Crew	3099
Titan	3097
Tyquan	3097
Garett	3096
Wallace	3094
Jersey	3088
Marla	3088
Izabel	3085
Janaya	3085
Ken	3085
Stefani	3085
Shaelyn	3084
Jerrod	3083
Lyndon	3082
Mallorie	3082
Cailin	3076
Morris	3076
Jazzlyn	3072
Everleigh	3071
Ariya	3067
Chester	3066
Yarely	3066
Genaro	3064
Ilana	3064
Isela	3064
Kaidence	3064
Desean	3062
Acacia	3057
Raya	3057
Ely	3056
Tamar	3056
Arleth	3054
Mackenna	3054
Sabastian	3054
Adina	3053
Anisha	3052
Daylen	3052
Hasan	3052
Kalee	3052
Javen	3051
Tyanna	3050
Jules	3049
Ophelia	3048
Rasheed	3045
Chanelle	3044
Demarion	3042
Kaytlin	3039
Emmalynn	3038
Brookelynn	3034
Zyon	3034
Lupita	3031
Shira	3031
Wendell	3030
Alianna	3029
Jurnee	3029
Magnus	3027
Anjelica	3025
Malak	3023
Jamiyah	3021
Jamiya	3018
Ashli	3017
Ida	3016
Lyra	3015
Laine	3014
Eleazar	3013
Kahlil	3013
Marcellus	3011
Sana	3011
Jesenia	3010
Kael	3009
Veda	3009
Nikko	3007
Sequoia	3006
Kamya	3005
Lora	3003
Vivianna	2999
Vivien	2998
Mykel	2997
Flora	2996
Khari	2994
Jim	2991
Corban	2989
Monet	2989
Petra	2989
Kaidyn	2987
Kalynn	2987
Kohen	2982
Briggs	2980
Nevin	2979
Edgardo	2978
Maxton	2978
Jaya	2976
Rena	2974
Mona	2973
Sabina	2973
Juancarlos	2972
Egypt	2971
Kaleah	2968
Salina	2967
Soleil	2965
Tai	2963
Joziah	2961
Khadija	2960
Schuyler	2959
Eamon	2958
Tavon	2957
Deontae	2955
Odalys	2954
Kyara	2951
Vianey	2951
Kannon	2949
Aven	2945
Candy	2945
Alea	2944
Apollo	2943
Kaylani	2940
Bridgett	2939
Chauncey	2937
Romina	2933
Deana	2931
Chastity	2930
Annabell	2929
Shoshana	2928
Keller	2927
Dejuan	2926
Sapphire	2925
China	2924
Brittanie	2921
Ariadne	2919
Ariyana	2919
Federico	2918
Franchesca	2918
Makaylah	2918
Yitzchok	2917
Kacy	2916
Aubrielle	2915
Darrien	2914
Jenesis	2914
Keanna	2913
Jackelyn	2912
Michal	2912
Malina	2908
Kloe	2907
Daija	2906
Amayah	2903
Dariana	2903
Dayanna	2903
Dhruv	2902
Bodie	2900
Devonta	2900
Aditi	2898
Cathryn	2898
Susannah	2896
Sheena	2895
Yuri	2895
Cathy	2893
Ciarra	2893
Adamaris	2892
Mauro	2892
Saanvi	2890
Jailene	2888
Trevion	2885
Josefina	2884
Laniyah	2878
Trenten	2878
Jalissa	2876
Makiyah	2875
Trayvon	2875
Dejah	2874
Ryne	2874
Joseluis	2872
Aleksander	2871
Jaslene	2870
Bryton	2867
Keziah	2863
Luc	2862
Zaniya	2862
Stefany	2861
Cielo	2860
Jacy	2860
Demetri	2859
Canyon	2857
Ellianna	2857
Koen	2857
Aubriana	2856
Blaire	2856
Ted	2854
Ileana	2851
Anastacia	2850
Rayshawn	2849
Theron	2848
Marielle	2847
Emerie	2845
Andria	2843
Dasha	2842
Tahj	2840
Treyton	2838
Suzanna	2837
Emil	2835
Leilah	2834
Haily	2833
Michel	2833
Shelton	2833
Galen	2829
Harmoni	2829
Maite	2828
Sylvie	2828
Ayah	2827
Miyah	2827
Alliyah	2826
Zyaire	2826
Jaleah	2824
Keelan	2823
Mikhail	2820
Brigitte	2819
Donavon	2819
Keren	2819
Laniya	2819
Coen	2818
Luther	2818
Jakari	2816
Lluvia	2815
Carmine	2814
Mai	2814
Lathan	2813
Danyelle	2812
Elly	2812
Wilfredo	2811
Keyana	2804
Ford	2803
Lyndsay	2802
Teddy	2802
Kamiyah	2800
Brentley	2795
Everardo	2794
Sommer	2793
Halley	2791
Avraham	2786
Yaneli	2785
Carmella	2784
Josselyn	2784
Brigid	2783
Thatcher	2783
Marta	2782
Rain	2782
Imari	2778
Angeles	2776
Coleton	2776
Breeanna	2775
Baron	2774
Kiah	2774
Aniah	2773
Clementine	2771
Jordi	2771
Lillyana	2770
Masen	2768
Jessalyn	2766
Janel	2765
Tommie	2765
Kierstin	2762
Lars	2760
Quinlan	2758
Reign	2755
Chantelle	2754
Rylen	2747
Shaniyah	2747
Divine	2745
Gisele	2743
Tasia	2743
Makiya	2742
Josey	2740
Randolph	2739
Kaysen	2733
Lashawn	2731
Adley	2730
Jesiah	2730
Isa	2727
Jullian	2726
Kalel	2726
Teegan	2724
Della	2723
Gian	2723
Juelz	2723
Erich	2722
Jayvion	2722
Keyanna	2722
Giuseppe	2721
Hadlee	2721
Pete	2721
Lucien	2720
Ria	2720
Tavion	2720
Gerson	2719
Korbyn	2716
Tiera	2716
Emme	2715
Maddux	2712
Lucie	2710
Karol	2709
Joslynn	2707
Malika	2707
Martez	2707
Kaylea	2704
Ester	2703
Kalina	2702
Aubry	2701
Alix	2699
Leela	2698
Jerrell	2697
Rhonda	2697
Bryon	2693
Florence	2693
Chayse	2692
Johnna	2692
Kelcie	2692
Mariella	2690
Azucena	2689
Marcelino	2689
Kain	2688
Chelsi	2687
Marguerite	2687
Jerrica	2681
Charisma	2680
Chyanne	2679
Mahogany	2679
Elan	2677
Maylee	2677
Valarie	2674
Wilmer	2673
Gracen	2670
Zoya	2669
Dave	2665
Amyah	2664
May	2660
Jakub	2659
Dezmond	2658
Keyonna	2656
Avalon	2655
Ayan	2652
Caelan	2652
Domingo	2649
Arin	2648
Kentrell	2648
Mercedez	2648
Anakin	2646
Preslee	2646
Deegan	2642
Malorie	2642
Simran	2640
Kenan	2638
Melani	2638
Tiffanie	2635
Brieanna	2633
Tierney	2631
Tylan	2631
Colson	2630
Tylar	2630
Nallely	2629
Lillyanna	2628
Trina	2628
Analisa	2627
Auston	2627
Malinda	2627
Keandre	2624
Lakota	2624
Halee	2622
Alba	2621
Corbyn	2621
Ares	2620
Blessing	2620
Ema	2619
Kooper	2619
Renae	2619
Viola	2619
Bode	2617
Rayven	2617
Alanis	2616
Bernice	2616
Madysen	2614
Siddharth	2613
Susie	2612
Tiarra	2611
Cian	2609
Elysia	2605
Najee	2605
Aundrea	2604
Brynna	2601
Shaila	2601
Devontae	2598
Emmet	2598
Krishna	2596
Tremaine	2591
Codey	2590
Kenyatta	2588
Nariah	2588
Jenelle	2587
Anish	2586
Brysen	2586
Adin	2585
Kirstie	2579
Youssef	2577
Tobin	2576
Mayte	2575
Marely	2571
Citlaly	2570
Rahul	2569
Jeremias	2568
Musa	2568
Sahil	2567
Zev	2567
Kameryn	2563
Carey	2561
Tamya	2561
Mohamad	2560
Kaylene	2558
Ania	2557
Jess	2557
Temperance	2556
Winnie	2556
Lakeisha	2554
Samya	2552
Kalin	2551
Dayne	2550
Aanya	2549
Siobhan	2548
Capri	2547
Cal	2546
Abygail	2545
Carmela	2544
Chadwick	2544
Lilyann	2544
Shanelle	2544
Hilda	2543
Mykayla	2543
Magali	2542
Montrell	2541
Gus	2540
Zelda	2539
Evin	2538
Justyce	2538
Amethyst	2536
Makaela	2535
Blythe	2534
Lexy	2533
Triniti	2533
Amariah	2531
Joi	2531
Elexis	2530
Monte	2529
Zavion	2529
Pyper	2528
Hagen	2524
Malena	2521
Roslyn	2521
Stormie	2521
Ayva	2519
Kinslee	2519
Kase	2518
Deanthony	2517
Willis	2517
Lenny	2516
Sol	2516
Lois	2515
Boden	2514
Reggie	2512
Armaan	2507
Damarcus	2507
Milania	2507
Tyesha	2506
Krystina	2504
Ron	2504
Ariadna	2499
Khristian	2497
Oriana	2495
Kaytlyn	2493
Debbie	2492
Jeannette	2491
Cedrick	2490
Karon	2490
Kandace	2488
Kandice	2487
Nate	2487
Rodrick	2485
Kaison	2484
Sylvester	2484
Corrina	2482
Angus	2481
Devlin	2481
Karsten	2481
Marlo	2481
Lucio	2480
Ismail	2479
Kimani	2477
Agnes	2476
Pilar	2475
Daylon	2474
Micayla	2471
Bradlee	2470
Nicola	2465
Daylin	2464
Addilynn	2463
Kamora	2462
Lani	2462
Axton	2461
Salena	2460
Jaeda	2459
Rosalia	2459
Destinie	2458
Linsey	2456
Zephaniah	2456
Dior	2452
Indigo	2449
Rae	2449
Damani	2447
Laron	2446
Yadiel	2443
Rowdy	2440
Ammon	2439
Glenda	2438
Estela	2434
Autum	2433
Gwenyth	2433
Nayely	2433
Kelsy	2432
Odalis	2431
Gianluca	2430
Deisy	2428
Marko	2428
Devorah	2427
Obed	2427
Jennah	2426
Catrina	2423
Taylin	2423
Becky	2422
Hadleigh	2422
Gizelle	2421
Kaili	2421
Samaya	2421
Taraji	2420
Dashaun	2417
Karah	2417
Lynsey	2416
Rusty	2416
Kyran	2414
Magdalene	2414
Charly	2413
Suri	2411
Sherman	2410
Jamiah	2409
Saira	2408
Kyah	2407
Nour	2405
Vada	2405
Marcia	2404
Nicolle	2404
Daren	2402
Armand	2401
Landin	2401
Greg	2400
Denisha	2396
Ila	2396
Brissa	2395
Kelis	2394
Gray	2392
Wiley	2392
Christal	2391
Chrystal	2391
Klarissa	2390
Therese	2390
Aurelio	2388
Zahir	2387
Jerica	2385
Chelsy	2384
Francisca	2383
Mylah	2381
Jermiah	2379
Veronika	2379
Allegra	2378
Dajuan	2378
Nazir	2378
Taylar	2378
Hiram	2377
Kenzi	2375
Abriana	2373
Koda	2373
Shelley	2373
Charis	2371
Samia	2371
Taliah	2370
Tamika	2370
Aleksandra	2369
Allisson	2369
Kris	2369
Mac	2369
Becca	2368
Afton	2367
Lilli	2367
Sailor	2367
Brannon	2366
Cormac	2366
Cristiano	2364
Shivani	2363
Cianna	2361
Peighton	2361
Ariyanna	2359
Erwin	2358
Tyrus	2358
Katya	2357
Araya	2356
Ashlin	2355
Jaela	2355
Tarik	2354
Zakaria	2353
Javian	2352
Kavon	2351
Osiris	2350
Jania	2349
Virgil	2349
Tinley	2347
Kaileigh	2346
Bill	2345
Javan	2345
Bertha	2344
Claudio	2344
Beck	2343
Jayne	2342
Kamiya	2342
Makiah	2341
Daveon	2340
Dena	2340
Tzvi	2340
Yazmine	2340
Lesli	2339
Misha	2337
Dameon	2334
Poppy	2333
Mikal	2331
Tahlia	2330
Maycee	2328
Geovanny	2327
Meir	2326
Richelle	2325
Tinsley	2325
Izaac	2324
Ronny	2324
Calla	2323
Cleo	2321
Braedyn	2319
Cami	2319
Kenji	2318
Noelani	2318
Tea	2318
Ramses	2317
Gissel	2315
Krysten	2314
Nikola	2314
Zaylee	2314
Hussein	2312
Ashtin	2310
Jaila	2310
Marcell	2310
Tesla	2310
Emoni	2309
Lilyan	2307
Niyah	2306
Derik	2304
Jalil	2304
Dolores	2303
Roberta	2302
Dionte	2301
Edmond	2301
Boone	2299
Colbie	2299
Meera	2299
Jocelin	2297
Zakiya	2296
Coltin	2295
Khalia	2295
Cherokee	2294
Yahya	2292
Rashaad	2291
Archie	2290
Armoni	2290
Adria	2288
Marty	2287
Jenessa	2286
Johnson	2285
Mildred	2285
Justen	2284
Montgomery	2284
Imran	2283
Mattison	2283
Myka	2281
Benedict	2280
Christofer	2280
Kollin	2279
Nicklaus	2278
Isac	2277
Mayah	2277
Amal	2276
Anniston	2276
Arie	2276
Claude	2276
Keion	2276
Nahla	2276
Portia	2274
Janai	2272
Jazelle	2272
Bayley	2270
Jarett	2269
Amora	2267
Yoel	2267
Jaziel	2266
Amarie	2264
Ariela	2264
Taelor	2264
Timmy	2264
Daylan	2263
Itzayana	2263
Eloy	2262
Gracey	2260
Keoni	2260
Opal	2259
Yash	2259
Avani	2258
Jianna	2258
Audrie	2257
Madelyne	2254
Sameer	2254
Isadora	2253
Nechama	2253
Izaak	2250
Melodie	2250
Caylin	2249
Jalon	2249
Leilany	2249
Lindy	2245
Avalyn	2243
Tyla	2242
Kylar	2241
Emir	2240
Isamar	2240
Yuridia	2240
Liz	2238
Elinor	2236
Mikaila	2236
Pierson	2235
Eder	2234
Danilo	2232
Keona	2231
Ewan	2230
Ami	2229
Kaniya	2229
Jolee	2227
Raine	2225
Arionna	2224
Briseida	2224
Rami	2224
Aryn	2223
Scotty	2222
Merissa	2221
Varun	2219
Adia	2218
Daijah	2218
Demond	2218
Shemar	2218
Anayah	2217
Laisha	2217
Daja	2215
Jaimee	2215
Arianne	2214
Kadeem	2214
Gisela	2213
Kierstyn	2213
Favian	2211
Malayah	2209
Merritt	2206
Keana	2205
Aris	2204
Kaine	2204
Cienna	2203
Ryanne	2203
Chassidy	2201
Eliyahu	2201
Haidyn	2201
Lili	2201
Samual	2201
Tyana	2201
Laurence	2200
Neel	2199
Marquel	2197
Rosalee	2197
Citlalli	2196
Kyren	2196
Leyton	2196
Linden	2195
Spenser	2195
Tayden	2194
Christianna	2191
Janya	2190
Olyvia	2189
Audree	2186
Makyla	2184
Paolo	2184
Viktor	2184
Keilani	2181
Divya	2179
Emi	2178
Chandra	2177
Dafne	2177
Jacky	2177
Karoline	2176
Keshaun	2176
Ani	2175
Finnian	2174
Massimo	2174
Kylin	2173
Holli	2172
Nautica	2171
Torrey	2171
Jazzmine	2170
Rilynn	2170
Allysa	2169
Lucius	2169
Avalynn	2168
Brigham	2168
Kimberlyn	2168
Osbaldo	2168
Jacinda	2167
Tionna	2166
Elvira	2165
Faigy	2165
Jalin	2165
Jarell	2165
Aysha	2164
Neymar	2164
Reem	2164
Zayd	2164
Cornell	2163
Rayyan	2162
Fox	2161
Kwame	2160
Lochlan	2160
Henrik	2158
Siera	2158
Noble	2155
Raekwon	2154
Garry	2153
Kensington	2153
Zhane	2153
Wilder	2150
Chevelle	2149
Jesica	2149
Jet	2149
Skylynn	2148
Benicio	2147
Oren	2147
Kerrigan	2146
Paulo	2146
Jerald	2145
Kirra	2145
Porsha	2145
Emmaleigh	2144
Said	2144
Jorja	2143
Karime	2142
Harlem	2141
Marek	2141
Zahara	2140
Jubilee	2137
Brayson	2136
Jovanna	2135
Yaretzy	2135
Rashaun	2134
Deonna	2132
Oskar	2132
Shanell	2131
Randal	2130
Kamaria	2129
Seven	2128
Shalom	2128
Queen	2127
Zamir	2126
Isreal	2124
Jadin	2124
Shaquan	2124
Axl	2123
Carlin	2119
Raylynn	2119
Taylen	2119
Caelyn	2118
Dejon	2118
Charmaine	2111
Adalberto	2110
Tala	2107
Vito	2107
Lakyn	2106
Gatlin	2105
Achilles	2103
Adler	2103
Jaedon	2103
Reyes	2101
Bethanie	2099
Macayla	2099
Jad	2098
Syncere	2098
Rochel	2097
Tatiyana	2097
Jaquelyn	2095
Dash	2094
Kristiana	2094
Leana	2094
Mariya	2094
Jed	2093
Zaida	2093
Alyna	2091
Arissa	2091
Hyrum	2091
Bently	2090
Taleah	2090
Honor	2089
Sanjana	2089
Celena	2088
Avrohom	2087
Zora	2086
Cairo	2083
Felisha	2083
Edson	2082
Eliel	2082
Gabe	2082
Shamya	2082
Evalynn	2081
Shante	2081
Maylin	2080
Giulia	2079
Dontrell	2078
Vianney	2078
Dev	2077
Deron	2075
Nayla	2075
Jaret	2074
Garrick	2073
Baileigh	2072
Ines	2072
Cy	2071
Deante	2070
Iain	2070
Landan	2068
Selma	2068
Abbigale	2066
Daysha	2066
Lynda	2065
Emmerson	2064
Konrad	2064
Italia	2063
Leeanna	2062
Maile	2062
Beatrix	2061
Markayla	2061
Osman	2061
Arnulfo	2059
Chesney	2059
Joni	2058
Patricio	2058
Avion	2057
Stacia	2055
Danya	2054
Jaelin	2054
Bennie	2053
Gitty	2053
Ishan	2053
Jamaya	2053
Travion	2052
Aarush	2051
Deidra	2050
Ivey	2048
Willem	2048
Catelyn	2045
Demonte	2045
Avril	2044
Jeanne	2044
Kasie	2044
Anai	2040
Ciana	2040
Evelina	2039
Kaily	2039
Linus	2039
Idris	2038
Juliann	2037
Kady	2036
Clarisa	2035
Shai	2035
Ahmir	2034
Ailani	2034
Kayleb	2033
Tyasia	2031
Jacelyn	2030
Ravyn	2028
Xitlali	2027
Gabriele	2026
Angely	2025
Ashten	2025
Graeme	2025
Latrice	2025
Dionna	2024
Jiselle	2024
Carys	2023
Kalista	2023
Neriah	2023
Maisy	2022
Donavin	2019
Jashawn	2019
Amaria	2018
Thor	2018
Marlowe	2017
Roosevelt	2017
Elli	2016
Francine	2015
Malcom	2015
Tenzin	2015
Zia	2015
Brayton	2012
Fatimah	2012
Chynna	2011
Dru	2011
Luiz	2010
Kodie	2009
Keyona	2008
Jeshua	2007
Ricki	2007
Vida	2006
Allana	2005
Margaux	2004
Laina	2003
Royalty	2003
Lake	2001
Mckay	2001
Britni	2000
Hamilton	2000
Madelin	2000
Adilynn	1999
Bianka	1999
Brynley	1999
Kirstyn	1999
Amerie	1998
Maryn	1998
Chancellor	1997
Rosanna	1997
Rylin	1997
Arion	1996
Anayeli	1994
Alexsandra	1993
Krystle	1992
Rania	1992
Maksim	1991
Denny	1990
Deric	1989
Kay	1989
Lillyan	1989
Abdulrahman	1988
Ameera	1988
Charleston	1988
Jahir	1988
Starla	1988
Aubriella	1987
Jailynn	1985
Amauri	1984
Aranza	1983
Angelita	1982
Malek	1982
Baila	1981
Calleigh	1980
Etta	1980
Kelci	1979
Constantine	1978
Cary	1977
Tyrek	1977
Horacio	1976
Courtland	1972
Debora	1972
Jaysen	1972
Marshal	1972
Parris	1971
Paulette	1971
Jazzmin	1970
Anaiah	1969
Corinna	1969
Dajah	1969
Demari	1968
Karyme	1967
Lillyann	1967
Deidre	1966
Karin	1966
Symphony	1966
Talya	1966
Shawnee	1965
Shaye	1965
Yaseen	1965
Khaleesi	1964
Shanya	1964
Dashiell	1963
Skylah	1963
Ammar	1962
Anyssa	1962
Jaquez	1962
Aman	1961
Persephone	1961
Layna	1960
Manuela	1960
Rudolph	1958
Suzette	1958
Aysia	1957
Gareth	1957
Madelaine	1957
Racquel	1957
Elton	1956
Tera	1956
Javin	1955
Alisia	1954
Aniston	1954
Dedrick	1954
Henri	1954
Maricruz	1954
Anessa	1953
Cady	1953
Sahana	1953
Tehya	1952
Zaina	1951
Jerod	1950
Joesph	1950
Larkin	1949
Richie	1949
Althea	1948
Marshawn	1948
Adalee	1947
Job	1947
Angelika	1946
Lazarus	1946
Viktoria	1944
Aston	1943
Beyonce	1943
Darrel	1943
Kamil	1943
Dakari	1942
Izzabella	1942
Lenora	1942
Torey	1941
Tatyanna	1940
Jaymie	1939
Kinlee	1939
Creed	1938
Kaeli	1938
Shanaya	1938
Darrick	1937
Deonta	1937
Irie	1937
Skylee	1937
Alise	1935
Yakov	1935
Calliope	1931
Klayton	1931
Alistair	1930
Brittaney	1930
Shaylynn	1930
Amin	1929
Deena	1928
Echo	1928
Jenae	1926
Sabine	1926
Elvia	1925
Josias	1925
Blane	1924
Chava	1923
Deirdre	1923
Mandi	1923
Brittny	1921
Alexavier	1920
Andrei	1918
Haydn	1918
Tyreek	1918
Meg	1917
Scottie	1917
Yanira	1917
Dynasty	1916
Alonna	1915
Taran	1915
Maryah	1913
Adelle	1911
Elodie	1911
Myesha	1911
Nyomi	1910
Earnest	1909
Azriel	1908
Calen	1908
Jacobo	1907
Alaia	1906
Cedar	1906
Armon	1905
Gisel	1905
Yesica	1904
Cassondra	1902
Kaydee	1902
Aleyah	1901
Faris	1901
Kailah	1901
Lakin	1901
Annaleigh	1900
Canon	1900
Shantell	1900
Shia	1900
Addalyn	1899
Akash	1899
Jacorey	1899
Kera	1899
Laith	1899
Dustyn	1897
Kenisha	1897
Kati	1896
Kyrah	1896
Chayce	1895
Jacen	1894
Lian	1894
Stefano	1893
Brynne	1892
Caeden	1892
Jahmir	1892
Legacy	1892
Nadya	1892
Tim	1892
Xena	1892
Caley	1891
Jala	1891
Venus	1891
Meranda	1890
Taytum	1889
Dovid	1887
Kadie	1886
Wylie	1885
Xavion	1884
Aryeh	1881
Ilan	1880
Jordana	1880
Maliya	1878
Tyce	1878
Jamesha	1877
Osiel	1877
Morgen	1876
Breon	1875
Daven	1874
Yonatan	1874
Cayleigh	1872
Kiernan	1871
Clover	1869
Noam	1869
Ruthie	1868
Violette	1867
Dymond	1865
Brooklin	1863
Donta	1863
Inez	1863
Mariajose	1863
Shiann	1862
Andrey	1861
Mahmoud	1861
Sunshine	1861
Corrie	1857
Kiyah	1857
Tanvi	1855
Jacari	1854
Kallen	1854
Mackenzi	1854
Sinai	1854
Elicia	1853
Jajuan	1853
Jakai	1853
Lizet	1852
Tavian	1852
Harriet	1851
Shanae	1851
Tanesha	1850
Denim	1848
Mazie	1848
Saray	1848
Emelyn	1846
Kamal	1846
Anamaria	1845
Yulisa	1845
Jewell	1843
Lashay	1843
Anja	1842
Brittnee	1842
Domonic	1839
Cloey	1838
Harmonie	1838
Janelly	1838
Montez	1836
Aislynn	1835
Kaira	1834
Mirella	1834
Jarrell	1833
Laquan	1833
Jahlil	1832
Kyli	1831
Kaylei	1829
Salome	1829
Tallulah	1829
Jairus	1828
Pricilla	1827
Ryen	1826
Love	1825
Rylynn	1825
Shaniah	1825
Norberto	1824
Aarya	1822
Rosalind	1822
Teri	1822
Adnan	1821
Josslyn	1821
Lamya	1820
Leopoldo	1820
Guinevere	1819
Mckenzi	1818
Parth	1818
Kaniyah	1817
Niki	1817
Vania	1817
Jarret	1816
Claira	1814
Mccoy	1813
Zaden	1812
Onyx	1811
Tiago	1810
Adamari	1809
Gema	1809
Rebeka	1809
Payson	1807
Ariane	1806
Caesar	1806
Kainoa	1805
Blade	1804
Zayla	1804
Greysen	1803
Alain	1802
Breona	1802
Waverly	1802
Amaia	1801
Catarina	1801
Jeannie	1801
Marli	1801
Fatoumata	1800
Kelcey	1799
Michell	1798
Yasir	1798
Callista	1797
Seraphina	1797
Isael	1796
Ollie	1796
Page	1796
Rayanna	1796
Novalee	1795
Leeland	1794
Brylie	1793
Kalena	1793
Marah	1792
Emry	1791
Marlyn	1791
Brianda	1789
Joshuah	1788
Chante	1787
Jasleen	1785
Isobel	1784
Annabeth	1783
Cambree	1783
Alessa	1782
Romello	1781
Zoee	1781
Jadelyn	1780
Jovie	1780
Myia	1780
Kalei	1778
Krystian	1778
Anaiya	1777
Brooklynne	1777
Dov	1776
Mykah	1776
Kayce	1775
Malique	1773
Wanda	1773
Jaslynn	1772
Kobi	1772
Torrance	1771
Yovani	1771
Clarice	1770
Daryn	1770
Klara	1770
Osmar	1769
Kevyn	1768
Consuelo	1767
Hanah	1767
Jeniffer	1767
Adilyn	1765
Tru	1764
Kiefer	1762
Naila	1762
Devaughn	1761
Jarren	1761
Justis	1761
Riana	1761
Tarah	1761
Basil	1759
Nichelle	1759
Indiana	1758
Levon	1757
Om	1757
Raeann	1757
Rana	1757
Lavon	1756
Cameran	1754
Saad	1754
Ambar	1753
Khamari	1753
Roan	1753
Ayush	1752
Jadah	1751
Brinlee	1750
Addelyn	1749
Tyren	1749
Jayse	1746
Kaelan	1746
Cosette	1745
Kristan	1745
Shaan	1745
Jaleesa	1743
Filip	1742
Kyrsten	1742
Mickayla	1742
Luella	1741
Jory	1740
Monae	1740
Rashard	1740
Alesia	1739
Asiah	1738
Dianne	1738
Jeffry	1738
Adair	1737
Karely	1737
Abelardo	1736
Kaedyn	1736
Kamarion	1734
Kyana	1734
Octavius	1734
Payden	1734
Wilbert	1734
Fermin	1732
Abhinav	1731
Tyrique	1731
Aamir	1730
Alona	1729
Anas	1729
Michaella	1728
Ajani	1727
Atreyu	1727
Babyboy	1727
Haileigh	1726
Jamon	1726
Liyah	1726
Cari	1725
Dezirae	1724
Leobardo	1724
Sammie	1721
Glory	1720
Kennadi	1719
Londynn	1718
Camari	1716
Jesslyn	1716
Keturah	1716
Mavis	1716
Tyrel	1716
Jovon	1715
Salman	1714
Carver	1713
Zulema	1713
Passion	1712
Jamey	1711
Malea	1711
Talen	1710
Yanet	1710
Darron	1709
Kaliah	1709
Shaylyn	1709
Brantlee	1708
Muhammed	1707
Xavi	1707
Dream	1706
Koa	1706
Jamin	1705
Nakayla	1705
Johannah	1704
Stephani	1704
Teanna	1704
Wolfgang	1704
Carsten	1703
Umar	1703
Delvin	1702
Casie	1701
Jacquelynn	1701
Torie	1701
Alphonso	1700
Greer	1700
Bryar	1699
Esai	1699
Rina	1698
Mirian	1696
Taha	1696
Milla	1695
Neftali	1695
Wes	1695
Fayth	1693
Janely	1693
Korie	1693
Baleigh	1692
Rickie	1692
Akiva	1691
Eian	1691
Rebecka	1691
Taelyn	1691
Tracie	1691
Ashwin	1690
Azael	1690
Lamarcus	1690
Ambria	1689
Brandin	1689
Kyndra	1689
Arwen	1688
Kaycie	1688
Christain	1687
Vidal	1687
Kenlee	1686
Maddix	1685
Percy	1683
Adiel	1682
Korben	1682
Melania	1682
Deshon	1681
Roel	1681
Marquita	1680
Tavin	1680
Aliyana	1678
Devion	1676
Karisma	1676
Hayli	1675
Yusef	1675
Adriano	1674
Mirna	1674
Steele	1674
Adara	1672
Matt	1672
Tyrin	1672
Aila	1671
Raniyah	1671
Rome	1670
Antione	1669
Bjorn	1669
Macee	1669
Rayleigh	1669
Taina	1668
Holley	1667
Nicklas	1667
Abdirahman	1665
Akilah	1665
Arik	1664
Josephina	1662
Maleek	1662
Genna	1661
Smith	1661
Demitri	1659
Fabio	1659
Analy	1658
Ashia	1657
Aspyn	1657
Daelyn	1657
Corie	1656
Baily	1655
Gisell	1655
Grayden	1655
Rosalina	1654
Torri	1654
Willard	1654
Aviva	1653
Prisha	1653
Shani	1652
Arnoldo	1651
Kayne	1651
Lorna	1651
Nile	1651
Salomon	1650
Imogen	1649
Josalyn	1649
Sania	1649
Shamari	1649
Broc	1648
Trinidad	1648
Angelie	1647
Flavio	1647
Hadi	1647
Sirena	1647
Tadeo	1647
Shekinah	1645
Edie	1644
Shanika	1644
Shayan	1644
Shaylin	1643
Zuriel	1643
Boyd	1642
Samatha	1642
Taron	1642
Issa	1641
Jariel	1641
Khaled	1641
Asya	1640
Estephanie	1640
Jameel	1640
Serene	1639
Journi	1638
Brando	1636
Marquan	1636
Shakayla	1635
Shepherd	1634
Ansel	1633
Anay	1631
Kenadee	1631
Malakhi	1631
Christan	1630
Saoirse	1629
Kyanna	1628
Terell	1628
Allissa	1627
Aminata	1627
Castiel	1627
Aitana	1625
Eman	1625
Kenadie	1625
Shaelynn	1625
Angelic	1624
Tyshaun	1624
Katherin	1623
Chloee	1621
Safa	1621
Tremayne	1621
Reyansh	1619
Kc	1618
Kenleigh	1618
Omer	1618
Analicia	1617
Magen	1617
Manny	1617
Kamran	1616
Keaira	1616
Yasin	1616
Chayton	1615
Asma	1614
Blaize	1614
Ayman	1613
Barron	1613
Krystin	1613
Minerva	1613
Joscelyn	1612
Phineas	1612
Lorin	1611
Nikolaus	1610
Uziel	1609
Jiovanni	1608
Kennady	1608
Karisa	1607
Madaline	1605
Mylie	1605
Taylee	1605
Kaydin	1604
Khai	1604
Neva	1603
Quenton	1603
Rakeem	1603
Xitlaly	1603
Jayven	1602
Jeanna	1602
Millicent	1602
Roxy	1602
Skyy	1602
Soledad	1602
Denton	1601
Fantasia	1601
Jaina	1601
Anyla	1600
Cambrie	1600
Samari	1600
Savon	1599
Brandee	1598
Cathleen	1597
Eason	1597
Mica	1597
Amilia	1596
Drayden	1596
Jakobi	1596
Bronwyn	1595
Mekayla	1595
Trysten	1595
Berkeley	1593
Callahan	1593
Kavin	1593
Korina	1593
Anali	1592
Nila	1591
Abigael	1590
Bradon	1590
Keyara	1590
Edwardo	1589
Yoselyn	1589
Boris	1588
Jamarius	1588
Boaz	1587
Keasia	1587
Seneca	1587
Delano	1585
Esha	1585
Alaric	1584
Cheyann	1584
Jasen	1583
Zach	1583
Aramis	1582
Lucky	1582
Malky	1582
Demarius	1581
Juanpablo	1581
Kilee	1580
Shyanna	1580
Aerial	1579
Zakiyah	1579
Brigette	1577
Bryden	1577
Kashton	1577
Torrie	1577
Corwin	1576
Katilyn	1576
Vivaan	1576
Emili	1575
Ravi	1575
Akhil	1574
Sanjay	1573
Eternity	1572
Hafsa	1572
Izak	1572
Mahdi	1572
Rhylee	1572
Chole	1571
Jaziah	1571
Jaydyn	1570
Kamilla	1570
Kinleigh	1570
Halo	1569
Seanna	1569
Zayda	1569
Reba	1568
Saif	1568
Ameerah	1567
Kabir	1567
Lacee	1567
Ofelia	1566
Raizy	1566
Tamiya	1566
Corin	1565
Jacquez	1565
Paden	1564
Zena	1564
Griffen	1563
Laiken	1563
Lex	1561
Akshay	1559
Denali	1558
Quincey	1558
Quran	1558
Talyn	1558
Jansen	1557
Latavia	1557
Ysabella	1557
Donny	1556
Briona	1555
Sammantha	1555
Dajon	1554
Dontavious	1554
Marsha	1554
Tyreese	1553
Alexzandria	1552
Fischer	1552
Leora	1552
Larisa	1550
Masyn	1550
Theodora	1550
Emiliana	1549
Serafina	1549
Aren	1548
Zarah	1547
Auden	1546
Jomar	1546
Kelsee	1546
Iyonna	1545
Jayquan	1545
Nolen	1545
Yana	1545
Angelena	1544
Eitan	1544
Zendaya	1544
Emari	1543
Kalob	1543
Charissa	1542
Shriya	1542
Destanie	1541
Nicholaus	1541
Zipporah	1541
Ceasar	1540
Maryssa	1540
Naomy	1540
Dmitri	1539
Pooja	1539
Jessiah	1538
Raymon	1538
Yeshua	1538
Cate	1537
Kanisha	1537
Vianca	1537
Danisha	1536
Jayshawn	1536
Dinah	1535
Brie	1534
Janee	1533
Ansh	1532
Diesel	1532
Jaymee	1532
Bracha	1531
Aleyna	1530
Neo	1530
Dino	1529
Leyna	1528
Marwa	1528
Oaklee	1528
Oziel	1528
Sedona	1528
Nada	1527
Anushka	1526
Samanta	1526
Breeana	1525
Josette	1525
Kavya	1525
Marbella	1525
Sumaya	1525
Babygirl	1523
Dereon	1523
Jenson	1523
Karyn	1523
Kolt	1523
Sahar	1523
Xenia	1523
Jaymes	1522
Rosendo	1522
Aj	1521
Aly	1521
Amaiya	1521
Kohl	1521
Priyanka	1521
Brynleigh	1520
Jailen	1520
Jannah	1520
Alexie	1519
Ilse	1518
Mathieu	1518
Siya	1518
Domenico	1517
Hampton	1517
Kolin	1517
Merlin	1517
Creighton	1515
Jeanine	1515
Mervin	1515
Desteny	1514
Eugenia	1514
Yehoshua	1514
Danni	1512
Jovana	1512
Eben	1511
Jaidan	1511
Kloey	1510
Myriam	1509
Taven	1509
Alaysha	1508
Nisha	1508
Raeleigh	1508
Mattea	1506
Odessa	1506
Aharon	1505
Britta	1505
Shiv	1504
Joceline	1503
Avigail	1502
Bailie	1502
Hiba	1502
Lyrik	1502
Peggy	1502
Ransom	1502
Tanaya	1501
Naim	1499
Terrion	1499
Tyriq	1499
Graydon	1498
Benjamen	1497
Ciaran	1497
Deandrea	1497
Madelynne	1496
Tylee	1496
Dontay	1494
Kamrin	1494
Tana	1494
Jiya	1492
Malaika	1492
Ambrose	1491
Rowyn	1491
Analee	1490
Lemuel	1489
Nahum	1489
Alizabeth	1488
Kaylon	1487
Danial	1486
Malani	1486
Deklan	1485
Jalyssa	1485
Arlen	1484
Karrington	1484
Mecca	1484
Alexius	1483
Keiry	1483
Avary	1482
Jihad	1482
Mariama	1482
Myasia	1482
Vivianne	1482
Damir	1481
Kacee	1481
Aadhya	1478
Athan	1478
Bryer	1478
Cherie	1478
Elva	1478
Aleisha	1477
Alyana	1477
Elyjah	1477
Jaelen	1477
Aaryn	1476
An	1476
Clair	1475
Damen	1475
Rohit	1475
Gabrial	1474
Hartley	1474
Annamaria	1473
Collette	1473
Damonte	1473
Imelda	1473
Tavaris	1473
Alasia	1472
Ashlynne	1471
Jadan	1471
Jennyfer	1471
Nakiya	1470
Cailee	1468
Lexington	1468
Arriana	1467
Emeline	1467
Cinthya	1466
Indira	1466
Latonya	1466
Olin	1466
Clarke	1465
Derrell	1465
Karena	1465
Myriah	1465
Siara	1465
Tressa	1465
Jeana	1464
Sarena	1464
Treyson	1464
Franky	1463
Takoda	1463
Daulton	1462
Lino	1462
Hubert	1460
Nika	1460
Preslie	1460
Tyre	1460
Amit	1459
Ela	1459
Rori	1459
Elisheva	1458
Roni	1458
Broden	1457
Lisandro	1457
Maryanne	1456
Aislyn	1455
Ashlea	1454
Briseyda	1454
Kemari	1454
True	1454
Aram	1453
Cleveland	1453
Kaydance	1453
Anyah	1452
Hilario	1452
Homero	1452
Makinley	1452
Abbi	1451
Chasen	1451
Braxtyn	1449
Kordell	1449
Yuna	1449
Caprice	1448
Zaynab	1448
Johnmichael	1446
Aline	1445
Evander	1444
Milah	1444
Shaya	1444
Evyn	1443
Aura	1442
Siri	1442
Alston	1441
Caylie	1441
Lanae	1441
Milly	1441
Cameren	1440
Javien	1440
Samarah	1440
Samone	1440
Javeon	1439
Nubia	1439
Jarius	1438
Kendric	1438
Quin	1437
Giovany	1436
Niklas	1436
Burke	1435
Dalen	1435
Karmyn	1435
Rogan	1435
Saniah	1435
Analiese	1434
Geovany	1434
Izabela	1434
Rachell	1433
Shari	1431
Hanan	1430
Isacc	1430
Jered	1430
Adalia	1429
Pepper	1429
Romel	1428
Zaine	1428
Hayle	1427
Iva	1427
Eugenio	1426
Timber	1426
Kezia	1425
Marcy	1425
Zakariya	1425
Anibal	1424
Caterina	1424
Desiray	1424
Hawa	1424
Jareth	1424
Kinzley	1424
Rafe	1424
Daniele	1423
Journie	1423
Treshawn	1423
Elida	1422
Emiley	1422
Tyran	1422
Zola	1422
Aayden	1421
Leighann	1421
Jayci	1420
Ziva	1420
Emberly	1419
Erykah	1419
Shalyn	1419
Zacharias	1419
Zen	1419
Marykate	1417
Eloisa	1416
Jae	1416
Luigi	1416
Raylene	1416
Tiernan	1416
Nery	1413
Ruger	1413
Augustin	1412
Shaindy	1411
Valentine	1411
Avian	1410
Deyanira	1410
Haydee	1410
Kobie	1410
Dennise	1409
Brixton	1408
Saphira	1408
Jaxsen	1406
Meah	1406
Najah	1406
Shavon	1406
Alyce	1405
Eisley	1405
Nana	1405
Zacchaeus	1405
Javontae	1404
Tamra	1403
Arika	1402
Ernie	1402
Jaxx	1402
Kalib	1402
Rivers	1402
Williams	1402
Zephyr	1402
Aleya	1401
Brayleigh	1401
Graci	1401
Yocheved	1401
Alyanna	1400
Baker	1398
Gabriell	1398
Tashawn	1398
Terron	1398
Adreanna	1397
Arvin	1397
Brittnie	1397
Asiya	1396
Mikaylah	1396
Raj	1396
Breauna	1395
Corben	1395
Neida	1395
Rayvon	1395
Amor	1394
Ragan	1394
Shaniece	1394
Jahiem	1393
Mattias	1393
Breck	1392
Shannen	1392
Ilene	1391
Kyrin	1391
Stormi	1391
Derrek	1390
Yanely	1390
Arizona	1389
Michela	1389
Delila	1388
Huxley	1388
Carmello	1387
Joycelyn	1387
Kejuan	1387
Briannah	1386
Jenni	1386
Antoni	1385
Carlyn	1385
Delainey	1385
Illiana	1385
Miriah	1385
Eleanora	1384
Reno	1384
Conley	1383
Dondre	1383
Katey	1383
Kenadi	1383
Logen	1383
Niles	1383
Raylen	1383
Blayke	1382
Emmi	1382
Francheska	1382
Reegan	1382
Yariel	1382
Chanell	1381
Natanael	1381
Jacee	1380
Miabella	1380
Nydia	1380
Tamir	1380
Amaree	1379
Halen	1379
Keonte	1379
Berlin	1378
Faisal	1377
Geena	1377
Mckinzie	1377
Aayan	1376
Jamilah	1375
Jia	1375
Emile	1374
Sianna	1373
Slater	1373
Jonny	1372
Kelan	1372
Janyla	1370
Makenzy	1369
Everlee	1368
Davontae	1367
Denae	1367
Eliyah	1367
Issabella	1367
Layan	1367
Quiana	1366
Tawny	1366
Aaryan	1365
Calum	1365
Jaidon	1365
Notnamed	1365
Trinitee	1365
Alexcia	1364
Ethyn	1364
Fausto	1364
Inaya	1364
Rosalynn	1364
Safiya	1364
Annalyse	1362
Kerstin	1362
Chet	1361
Karan	1361
Kekoa	1361
Sheyenne	1361
Decker	1360
Molli	1360
Makaylee	1359
Grayce	1358
Kellyn	1358
Liah	1358
Mamadou	1358
Nevada	1358
Renzo	1358
Adalie	1357
Arrianna	1357
Kadijah	1357
Lizzie	1357
Mimi	1357
Orrin	1357
Reva	1357
Daniya	1356
Horace	1356
Simona	1356
Alaura	1355
Arleen	1355
Calder	1355
Cashton	1355
Emalyn	1355
Erinn	1355
Jeriah	1355
Veer	1355
Vincente	1355
Keiara	1354
Jadarius	1353
Keondre	1353
Darell	1352
Ledger	1352
Lowell	1352
Robby	1352
Zariya	1352
Antionette	1351
Aoife	1351
Esau	1351
Jahari	1351
Jaxxon	1351
Lashonda	1351
Zaniah	1351
Jameer	1350
Judd	1350
Reymundo	1350
Annastasia	1349
Kylea	1349
Batsheva	1348
Navya	1348
Jalia	1347
Keylee	1347
Martell	1346
Britt	1345
Elon	1345
Abdullahi	1344
Brienna	1344
Jarek	1344
Orin	1344
Tytiana	1344
Jazzlynn	1343
Kanye	1343
Kristoffer	1343
Liya	1343
Erynn	1342
Michayla	1342
Vannessa	1342
Male	1341
Marius	1341
Eldon	1340
Jamere	1339
Michala	1339
Alaa	1338
Lael	1338
Presleigh	1338
Kamaya	1337
Jalaya	1336
Paisleigh	1336
Kaiser	1335
Emeri	1334
Fannie	1334
Kynleigh	1334
Aksel	1333
Kendyll	1333
Jireh	1332
Kyley	1332
Maja	1332
Samiah	1332
Adyn	1331
Samirah	1331
Zadie	1331
Emelie	1330
Rheanna	1330
Danelle	1329
Vicki	1329
Elie	1327
Kataleya	1327
Vayda	1327
Cadyn	1326
Danthony	1326
Jaclynn	1326
Abriella	1325
Akeelah	1324
Anel	1324
Arianny	1324
Everette	1324
Yehudis	1324
Jeron	1323
Kahlan	1323
Dyson	1322
Emmit	1322
Georgiana	1322
Keirra	1322
Willy	1322
Alen	1321
Naiya	1321
Bellamy	1320
Dasani	1320
Gracee	1320
Jerrick	1320
Minh	1320
Saydee	1320
Shylah	1320
Kamara	1319
Sharif	1319
Tarek	1319
Mea	1318
Aleesha	1317
Courtnie	1317
Keonna	1316
Analeigh	1315
Jacklynn	1314
Camry	1313
Rashid	1313
Rony	1313
Tavia	1313
Jazlene	1312
Kamiah	1312
Shivam	1312
Treveon	1312
Yaquelin	1312
Breyanna	1311
Cutter	1311
Devora	1311
Adel	1309
Aneesa	1309
Inara	1309
Roselynn	1309
Cheyanna	1308
Christi	1308
Kolbe	1308
Anirudh	1307
Meilani	1307
Taegan	1307
Zaylen	1306
Eris	1305
Lev	1305
Paiton	1305
Sherri	1305
Chyenne	1304
Nohemi	1304
Sheryl	1304
Aeris	1303
Anwar	1302
Daniyah	1302
Samar	1302
Jahzara	1301
Kailen	1301
Britny	1300
Delana	1299
Laynie	1299
Mendel	1299
Braxten	1298
Ceara	1298
Derrion	1298
Drayton	1298
Laela	1298
Skylor	1298
Zayra	1298
Caliyah	1297
Malissa	1297
Niah	1297
Tyreke	1297
Jaide	1296
Sanaya	1296
Zella	1296
Kinzie	1295
Kruz	1295
Maha	1294
Nicky	1294
Caine	1293
Danasia	1293
Joie	1293
Akil	1292
Coltyn	1292
Nazareth	1292
Venessa	1292
Alyza	1290
Jaydah	1290
Quadir	1290
Simcha	1290
Kolbie	1289
Sai	1289
Aleia	1288
Baxter	1288
Casper	1288
Chelsee	1287
Dayvon	1287
Raeanna	1287
Sakura	1287
Arlyn	1286
Avarie	1286
Geno	1286
Izel	1286
Maddex	1286
Verenice	1286
Addalynn	1285
Briann	1285
Noemy	1285
Rivky	1284
Annah	1283
Eriberto	1283
Jakiya	1283
Kilian	1283
Lilyanne	1283
Tryston	1283
Kateri	1282
Raniya	1282
Xavian	1282
Rainey	1281
Deysi	1280
Nariyah	1280
Chantell	1279
Torrence	1279
Tova	1279
Roshan	1278
Brendyn	1277
Naia	1277
Shon	1277
Alexsis	1276
Raquan	1276
Aarna	1275
Danyel	1275
Indya	1275
Robinson	1275
Terran	1275
Akayla	1274
Haris	1274
Melannie	1274
Amberlyn	1273
Chassity	1273
Pia	1273
Abbigayle	1272
Kambria	1271
Amarah	1270
Anjel	1270
Briauna	1270
Davante	1270
Zofia	1270
Damarius	1269
Hellen	1269
Uma	1269
Amado	1268
Vikram	1268
Khali	1267
Marcoantonio	1267
Ozzy	1267
Ren	1267
Solana	1267
Zeus	1267
Klaire	1266
Ridley	1266
Damya	1265
Elexus	1265
Renato	1265
Shakia	1265
Dalvin	1264
Deniz	1264
Elam	1264
Niamh	1264
Sedrick	1264
Teagen	1264
Yusra	1264
Domenick	1263
Jeri	1263
Jeslyn	1263
Naeem	1263
Breasia	1262
Melony	1262
Syrus	1262
Janea	1261
Lamonte	1260
Latia	1260
Mykala	1260
Raelee	1260
Evette	1257
Honey	1257
Woodrow	1257
Ajah	1256
Mehki	1256
Nabil	1256
Kambree	1255
Majesty	1255
Thelma	1255
Cree	1254
Cyle	1254
Andra	1253
Demitrius	1253
Maris	1253
Gissell	1252
Ike	1252
Luci	1252
Sanya	1252
Kace	1251
Westyn	1251
Breckin	1250
Carolynn	1250
Fabiana	1250
Stefania	1250
Anijah	1249
Lovely	1249
Olivier	1249
Romy	1249
Daunte	1248
Syeda	1248
Zayvion	1248
Jacolby	1246
Hagan	1245
Leander	1245
Nereida	1245
Destine	1244
Gabino	1244
Peri	1244
Teague	1244
Thania	1244
Augusta	1243
Jabril	1243
Raylin	1243
Adriane	1242
Crista	1242
Davi	1242
Derian	1242
Jeremie	1242
Tayshaun	1242
Markanthony	1241
Maycie	1241
Zada	1241
Huda	1240
Javaris	1240
Mykal	1240
Tysen	1240
Wilber	1240
Anela	1239
Anette	1239
Micha	1239
Aldair	1238
Aleeah	1238
Amyra	1238
Darci	1238
Gil	1238
Kaytlynn	1238
Keshia	1238
Markia	1238
Shanel	1238
Gena	1237
Lizabeth	1237
Waleed	1237
Nicolai	1236
Lillith	1235
Ripley	1235
Zayna	1235
Antwone	1234
Ashante	1234
Devine	1234
Idalia	1234
Parrish	1234
Jakoby	1233
Jethro	1233
Magan	1233
Warner	1231
Amairani	1230
Baltazar	1230
Errol	1230
Katelynne	1230
Truett	1230
Damoni	1229
Demetris	1229
Keilah	1229
Kennedie	1229
Krisha	1229
Taja	1229
Dashon	1228
Jackelin	1228
Kaeleigh	1228
Naudia	1228
Randell	1228
Ananda	1227
Dannielle	1227
Corrin	1226
Nijah	1226
Cavan	1225
Shepard	1225
Sindy	1225
Amberlee	1224
Goldie	1224
Markie	1224
Nataleigh	1224
Sharlene	1224
Tayvon	1224
Wynn	1224
Mycah	1223
Edan	1222
Gavriel	1222
Dionne	1221
Jakiyah	1221
Joleen	1221
Kamar	1221
Caysen	1220
Lyanna	1220
Ahmari	1219
Garth	1219
Heber	1219
Helene	1219
Mahala	1219
Wisdom	1219
Dasean	1218
Italy	1218
Lakayla	1218
Miesha	1218
Sneha	1218
Khristopher	1217
Kitana	1217
Nidhi	1217
Emmarie	1216
Nyssa	1216
Talitha	1216
Yamil	1216
Alfonzo	1215
Amna	1215
Mileena	1214
Hoyt	1213
Akshara	1212
Anahy	1212
Chaise	1212
Chloie	1212
Faviola	1212
Rigo	1212
Trentin	1212
Chasidy	1211
Shameka	1211
Zakai	1211
Andriana	1210
Sayra	1210
Teigan	1210
Tirzah	1210
Emmanuelle	1209
Pavel	1209
Zuleyka	1209
Dyllon	1208
Karthik	1208
Cortland	1207
Sariya	1206
Aaralyn	1205
Alexzandra	1205
Amoni	1205
Dirk	1205
Jo	1205
Kamia	1205
Yoana	1205
Hussain	1203
Jakira	1203
Kindra	1203
Lailani	1203
Desirea	1202
Erasmo	1202
Anfernee	1201
Ansleigh	1201
Armin	1201
Cera	1201
Denzell	1201
Kage	1201
Raechel	1201
Tayshawn	1201
Aleeyah	1200
Dempsey	1200
Giorgio	1200
Jariah	1200
Yadhira	1200
Adryan	1199
Dimitrios	1199
Kamani	1199
Mackayla	1199
Tameka	1199
Tylen	1199
Jasiel	1198
Jennica	1198
Nidia	1198
Tayah	1198
Zaya	1198
Deziree	1197
Gionni	1197
Halima	1197
Jonna	1197
Tavares	1197
Tyrik	1197
Kanon	1196
Loryn	1196
Mihir	1196
Fransisco	1195
Khushi	1195
Cyril	1194
Shamiya	1194
Zacharia	1194
Adelia	1193
Aleksandr	1193
Dailyn	1193
Joselynn	1193
Kiona	1193
Zakery	1193
Dayshawn	1192
Eliott	1192
Isaih	1192
Winifred	1192
Jori	1191
Kiyan	1191
Maceo	1191
Jeramy	1190
Saxon	1190
Ursula	1190
Vivek	1190
Hala	1189
Fanny	1188
Geovani	1188
Greggory	1188
Issiah	1188
Sia	1188
Tahir	1188
Luisangel	1187
Shade	1187
Navaeh	1186
Rebekka	1186
Ryden	1186
Dayla	1185
Emileigh	1185
Nahomi	1185
Torian	1185
Jannet	1184
Marquell	1184
Aaliya	1183
Aine	1183
Gadiel	1183
Neely	1183
Stephenie	1183
Tamyra	1182
Jolynn	1181
Kymberly	1181
Nikia	1181
Roscoe	1181
Saeed	1181
Wesson	1181
Amiracle	1180
Dijon	1180
Irina	1180
Daysi	1179
Farhan	1179
Jalayah	1179
Nadiya	1179
Crimson	1178
Kathryne	1178
Matheus	1178
Sera	1178
Ashlei	1177
Clemente	1177
Keelin	1177
Montel	1177
Irelynn	1176
Davonta	1175
Khloee	1175
Marcanthony	1175
Dalary	1174
Jamaria	1174
Kaydon	1174
Lillia	1174
Linkin	1174
Imanol	1173
Laynee	1173
Morghan	1173
Shakur	1173
Yamilex	1173
Jerel	1172
Kailie	1172
Aaniyah	1171
Adi	1171
Cyan	1171
Eyan	1171
Keelie	1170
Loralei	1170
Schyler	1170
Takiyah	1170
Zyan	1170
Gail	1169
Garren	1169
Maelyn	1169
Anaiyah	1168
Azia	1168
Camrin	1168
Delani	1168
Katana	1168
Asad	1167
Emeli	1167
Jamichael	1167
Jathan	1167
Buddy	1166
Gregg	1166
Jones	1166
Gladis	1165
Lux	1165
Nayelli	1164
Rufus	1163
Benaiah	1162
Christos	1162
Joely	1162
Armond	1161
Kasia	1161
Shamir	1161
Yechiel	1161
Arieanna	1160
Cassia	1160
Laramie	1160
Laya	1160
Ronni	1160
Desarae	1159
Tyonna	1159
Abe	1158
Giulianna	1158
Melyssa	1158
Rosio	1158
Azure	1157
Darious	1157
Eleanore	1157
Sora	1157
Ameen	1156
Hennessy	1156
Keshon	1156
Kynslee	1156
Kyrstin	1156
Phylicia	1156
Shreyas	1156
Xavior	1156
Abdulaziz	1155
Calie	1155
Tanasia	1155
Zavian	1155
Bastian	1154
Marly	1154
Alexxis	1153
Irelyn	1153
Janey	1153
Kiarah	1153
Lashae	1153
Micheala	1153
Ramone	1151
Arley	1150
Emilly	1150
Kailin	1150
Lilibeth	1150
Lula	1150
Cam	1149
Julieanna	1149
Vishal	1149
Khaliyah	1148
Maelynn	1148
Dyamond	1147
Jashaun	1147
Asael	1145
Dezarae	1145
Faustino	1144
Indie	1144
Obadiah	1144
Anh	1143
Julieann	1143
Malayna	1143
Aayush	1142
Arabelle	1142
Monty	1142
Phyllis	1142
Tisha	1142
Cache	1141
Jazz	1141
Zinnia	1141
Akasha	1140
Kareena	1140
Marygrace	1140
Nisa	1140
Tamira	1140
Azalia	1139
Donell	1139
Keirsten	1139
Tanna	1139
Bayron	1138
Karizma	1138
Shasta	1138
Yonathan	1138
Ash	1137
Brailyn	1137
Carlene	1137
Kathia	1137
Leslye	1137
Reya	1137
Haydon	1136
Kesean	1136
Neve	1136
Demetrio	1135
Joao	1135
Silvana	1135
Teo	1135
Ezrah	1134
Izabell	1134
Nikayla	1134
Ryanna	1134
Sahasra	1134
Aide	1133
Briza	1133
Diondre	1133
Alayla	1132
Brilee	1132
Agatha	1131
Stephania	1131
Diante	1130
Hamzah	1130
Ibraheem	1130
Mychal	1130
Rashon	1130
Abdallah	1129
Geronimo	1129
Jayleigh	1129
Jerad	1129
Teryn	1129
Watson	1129
Bear	1128
Clement	1128
Naseem	1128
Adalina	1127
Gamaliel	1127
Jamee	1127
Alyx	1126
Angelyn	1126
Artemio	1126
Cartier	1126
Shanequa	1126
Tad	1126
Tavis	1126
Christion	1125
Lakia	1125
Kiyana	1124
Rayquan	1124
Ameena	1123
Cristy	1123
Shilo	1123
Braylan	1122
Franklyn	1122
Jeronimo	1122
Maleigha	1122
Zakkary	1122
Adora	1121
Devynn	1121
Laylani	1121
Naveen	1121
Yousif	1121
Yulianna	1121
Zamari	1121
Adarius	1120
Braylynn	1120
Courtnee	1120
Dannie	1120
Hogan	1120
Kanesha	1120
Markeith	1120
Zakari	1120
Female	1119
Kanyon	1119
Keiana	1119
Mayer	1119
Aaleyah	1118
Emilyn	1118
Jamell	1118
Cai	1117
Dixon	1117
Silvestre	1117
Chazz	1116
Mahalia	1116
Makya	1116
Shantal	1116
Thane	1116
Treston	1116
Melonie	1115
Shalynn	1115
Shanique	1115
Addisen	1114
Eathan	1114
Jedediah	1114
Lisset	1114
Roxie	1114
Britnee	1113
Elio	1113
Janiece	1113
Saraya	1113
Shantelle	1113
Terrel	1113
Janasia	1112
Marybeth	1112
Adah	1111
Hashim	1111
Kalil	1111
Martavious	1111
Kyden	1110
Lizbet	1110
Abbas	1109
Caryn	1109
Jeromy	1109
Ainslee	1108
Britain	1107
Everest	1107
Haddie	1107
Ilyas	1107
Mackenzy	1107
Marilynn	1106
Russel	1106
Vanity	1106
Chloey	1105
Nakita	1105
Race	1105
Anabell	1104
Hallee	1104
Mylan	1104
Lucianna	1103
Quanisha	1103
Asiyah	1102
Iziah	1102
Patric	1102
Rhoda	1102
Rueben	1102
Tiesha	1102
Amairany	1101
Briahna	1101
Alpha	1100
Asante	1100
Eoin	1100
Rayce	1100
Taisha	1100
Gretta	1099
Mykenzie	1099
Nino	1099
Sammuel	1099
Davien	1098
Enrico	1098
Jhonny	1098
Karrie	1098
Nakiyah	1098
Dakarai	1097
Katina	1097
Ahuva	1096
Elyana	1096
Jayveon	1096
Johannes	1096
Ahtziri	1095
Al	1095
Cayley	1095
Keenen	1095
Payne	1095
Jelena	1094
Perrin	1094
Rion	1094
Sheri	1094
Alyah	1093
Amon	1093
Freedom	1093
Polly	1093
Surya	1092
Wilfred	1092
Elisia	1091
Keosha	1091
Lakendra	1091
Shealyn	1091
Tejas	1091
Story	1090
Aime	1089
Aleczander	1089
Ander	1089
Kassi	1088
Lynnette	1088
Taquan	1088
Latifah	1087
Salim	1087
Aleyda	1086
Diandra	1086
Stefon	1086
Bronx	1085
Derrik	1085
Kayci	1085
Patsy	1085
Mychael	1084
Naftali	1084
Sierrah	1084
Brodey	1083
Hindy	1083
Jozlyn	1083
Tj	1083
Alexandros	1082
Destani	1082
Triton	1082
Joselyne	1081
Xochilt	1081
Rosetta	1080
Ubaldo	1080
Nickolaus	1079
Tyjuan	1079
Delonte	1078
Hayven	1078
Ina	1078
Yuki	1078
Eliah	1077
Ellena	1077
Lanaya	1077
Abran	1076
Chaney	1076
Jafet	1076
Kalan	1076
Tailor	1076
Jarron	1075
Khalif	1075
Arlin	1074
Coco	1074
Marrissa	1074
Mahlon	1073
Mateusz	1073
Niall	1073
Zade	1073
Aubreigh	1072
Cayman	1072
Exavier	1072
Price	1072
Tamiyah	1072
Aziza	1071
Fiorella	1071
Frederic	1071
Khyree	1071
Minnie	1071
Sabra	1071
Sampson	1071
Aleeya	1070
Jakeb	1070
Macklin	1070
Anusha	1069
Laquisha	1069
Alysse	1068
Cj	1068
Halli	1068
Braydan	1067
Delbert	1067
Dorien	1067
Laikyn	1067
Moesha	1067
Ryu	1067
Stevan	1067
Yazan	1067
Jawan	1066
Navy	1066
Saba	1066
Lavell	1065
Payge	1065
Beaux	1064
Jazzmyn	1064
Lucus	1064
Maliha	1064
Mischa	1064
Shayden	1064
Taylon	1064
Ara	1063
Jenica	1063
Jin	1063
Rayann	1063
Brinkley	1062
Mykaela	1062
Caidence	1061
Kip	1061
Ulices	1061
Yenifer	1061
Carlito	1060
Rondell	1060
Aziyah	1059
Leopold	1059
Lotus	1059
Keandra	1058
Leeah	1058
Amen	1057
Collier	1057
Donaven	1057
Shaquana	1057
Aisling	1056
Anslee	1056
Ayub	1056
Breyana	1056
Garland	1056
Hansel	1056
Krislyn	1056
Kavion	1055
Raychel	1055
Reinaldo	1055
Sela	1055
Yamile	1055
Adrain	1054
Daemon	1054
Jeancarlos	1054
Jovi	1054
Julietta	1054
Sir	1054
Felecia	1053
Kedrick	1053
Lavonte	1053
Ayvah	1052
Brylan	1052
Laquita	1052
Mekenzie	1052
Mitzi	1052
Shamus	1052
Allee	1051
Demetrios	1051
Loki	1051
Nikolaos	1051
Amberlynn	1050
Aryah	1050
Jaheem	1050
Marquese	1050
Takia	1050
Jhon	1049
Nehemias	1049
Saleh	1049
Akia	1048
Brevin	1048
Eriana	1048
Jerika	1048
Shamika	1048
Andru	1047
Carrigan	1047
Talisha	1047
Humza	1046
Joslin	1046
Stanton	1046
Zakia	1046
Tabetha	1045
Trystin	1045
Adisyn	1044
Eros	1044
Cesia	1043
Karlos	1043
Lebron	1043
Sanvi	1043
Amaury	1042
Evolet	1042
Jahaira	1042
Kendel	1042
Leonor	1042
Sayuri	1042
Von	1042
Erianna	1041
Hakim	1041
Kairo	1041
Mairead	1041
Mallori	1041
Cillian	1040
Domanic	1040
Hosea	1040
Lynden	1040
Ulisses	1040
Aislin	1039
Corissa	1039
Eliazar	1039
Ivie	1039
Tasneem	1039
Zenaida	1039
Aiza	1038
Alysson	1038
Merari	1038
Sicily	1038
Tyshon	1038
Wells	1038
Gaby	1037
Heba	1037
Naquan	1037
Aleida	1036
Aziah	1036
Aziz	1036
Bowie	1036
Jacobe	1036
Jacory	1036
Nevan	1036
Sari	1036
Tytus	1036
Arial	1035
Demian	1035
Ramya	1035
Rilyn	1035
Stryker	1035
West	1035
Addysen	1034
Adian	1034
Adil	1034
Aleshia	1034
Janyah	1034
Tayvion	1034
Zak	1034
Baylen	1033
Clive	1033
Jamier	1033
Sultan	1033
Abiel	1032
Roque	1032
Carnell	1031
Destyni	1031
Karolyn	1031
Kirkland	1031
Mataya	1031
Monserrath	1031
Pricila	1031
Shad	1031
Ashby	1030
Harli	1030
Keontae	1030
Wilhelmina	1030
Keilyn	1029
Keyan	1029
Ori	1029
Solange	1029
Thorin	1029
Dejanae	1028
Eithan	1028
Larson	1028
Marcie	1028
Morganne	1028
Noella	1028
Shamira	1028
Abilene	1027
Cort	1027
Safia	1027
Brenner	1026
Briseis	1026
Caila	1026
Eshan	1026
Keifer	1026
Octavious	1026
Kaelee	1025
Adrina	1024
Evans	1024
Fallyn	1024
Mareli	1024
Nicollette	1024
Sima	1024
Jonathen	1023
Kemper	1023
Marleny	1023
Orianna	1023
Tosha	1023
Addy	1022
Angeli	1022
Coleson	1022
Filiberto	1022
Tonia	1022
Yousuf	1022
Freyja	1021
Jailah	1021
Keilan	1021
Kush	1021
Naimah	1021
Annalynn	1020
Calin	1020
Caspian	1020
Ellee	1020
Janis	1020
Lexa	1020
Rawan	1020
Rehan	1020
Saleem	1020
Tkeyah	1020
Michaelangelo	1019
Wendi	1019
Rider	1018
Sinead	1018
Dacia	1017
Krew	1017
Marlow	1017
Aylah	1016
Shakyra	1016
Crysta	1015
Jahaziel	1015
Madisson	1015
Makia	1015
Malikai	1015
Mitch	1015
Yitty	1015
Alexsander	1014
Catharine	1014
Jahleel	1014
Rebekkah	1014
Caius	1013
Cristo	1013
Daira	1013
Emalie	1013
Gaia	1013
Lynlee	1013
Rustin	1013
Alishia	1012
Amer	1012
Bexley	1012
Elijiah	1012
Ellyn	1012
Kylon	1012
Servando	1012
Jabria	1011
Kenzo	1011
Sarita	1011
Damond	1010
Delores	1010
Falon	1010
Joell	1010
Kelson	1010
Lenin	1010
Maizie	1010
Zyion	1010
Desi	1009
Keiran	1009
Mckinlee	1009
Jeremey	1008
Nyree	1008
Aleksandar	1007
Arlet	1007
Genessis	1007
Zeinab	1006
Jancarlos	1004
Natan	1004
Allena	1003
Artemis	1003
Cassaundra	1003
Mayrin	1003
Meyer	1003
Aleeza	1002
Tytianna	1002
Allyn	1001
Dalyn	1001
Jaydn	1001
Kiani	1001
Meghann	1001
Mikyla	1001
Kassidi	1000
Kennith	1000
Iqra	999
Marika	999
Aeryn	998
Caileigh	998
Emaleigh	998
Eowyn	998
Iverson	998
Jadelynn	998
Kathlyn	998
Odette	998
Risa	998
Aeden	997
Keshav	997
Keyli	997
Raziel	997
Zac	997
Enya	996
Jaykob	996
Jerron	996
Ladarrius	996
Lillianne	996
Rodger	996
Taelynn	996
Tramaine	996
Zana	996
Dylann	995
Ellia	995
Johnathen	995
Somer	995
Alya	994
Hadyn	994
Jawad	994
Jerson	994
Kamri	994
Kylei	994
Pascual	994
Arica	993
Caidyn	993
Cerenity	993
Victory	993
Zackariah	993
Harleen	992
Jaison	992
Keagen	992
Lakisha	992
Marci	992
Valente	992
Fahad	991
Jazlin	991
Malachai	991
Mikell	991
Tito	991
Aadya	990
Kinsleigh	990
Knowledge	990
Perri	990
Tiger	990
Dyani	989
Freeman	989
Hosanna	989
Jashua	989
Jionni	989
Auburn	988
Baruch	988
Jasir	988
Josemanuel	988
Marielena	988
Celene	987
Dewey	987
Ebonie	987
Edin	987
Gerry	987
Adella	986
Bennet	986
Bladimir	986
Cassady	986
Rylea	986
Siani	986
Jamyah	985
Jayana	985
Andreana	984
Bayli	984
Braydin	983
Caren	983
Jakyra	983
Jazleen	983
Joella	983
Mckenzy	983
Rakim	983
Yocelin	983
Ambrosia	982
Eastyn	982
Giovonni	982
Kaidan	982
Leandre	982
Marcelina	982
Nahomy	982
Avia	981
Delylah	981
Giavonna	981
Gisella	981
Jayanna	981
Katharina	981
Lamarion	981
Timia	981
Amador	980
Juston	980
Vinson	980
Yelena	980
Zaki	980
Zyler	980
Elyas	979
Jonte	979
Keylin	979
Maysen	979
Nivea	979
Bibiana	978
Dylen	978
Jeb	978
Khamani	978
Lainie	978
Leasia	978
Norris	978
Shamia	978
Garet	977
Naisha	977
Naveah	977
Stockton	977
Takayla	977
Antonette	976
Antwain	976
Keane	976
Leen	976
Tiyana	976
Konstantinos	975
Lamia	975
Leylani	975
Meara	975
Zacary	975
Apryl	974
Cord	974
Jamario	974
Joeseph	974
Abimael	973
Ayonna	973
Ellyana	973
Haneen	973
Henna	973
Josilyn	973
Serinity	973
Westen	972
Cailynn	971
Joseangel	971
Kacper	971
Myracle	971
Esdras	970
Rani	970
Taurean	970
Geraldo	969
Lindsy	969
Medina	969
Nevaeha	969
Raeanne	969
Talaya	969
Kaleo	968
Jamira	967
Leyah	967
Rashaud	967
Tayton	967
Jencarlos	966
Kadarius	966
Kehlani	966
Mirabelle	966
Taylan	966
Tevon	966
Vinh	966
Kevion	965
Meena	965
Cypress	964
Lariah	964
Patryk	964
Sallie	964
Sena	964
Alessio	963
Kloie	963
Maddisyn	963
Mahi	963
Sacha	963
Zamya	963
Anylah	962
Cally	962
Chantz	962
Che	962
Delicia	962
Kasi	962
Mariafernanda	962
Saya	962
Thai	962
Jacinta	961
Keya	961
Meira	961
Paizley	961
Quade	960
Raghav	960
Raizel	959
Celso	958
Darcie	958
Jonae	958
Keelyn	958
Nanci	958
Pearson	958
Xaiver	958
Zyair	958
Cristhian	957
Derion	957
Nyjah	957
Rosalba	957
Silver	957
Yohan	957
Abriel	956
Audry	956
Elsy	956
Karalyn	956
Long	956
Bram	955
Dallis	955
Johny	955
Margie	955
Alexei	954
Donya	954
Makeda	954
Margarito	954
Markita	954
Ryon	954
Diamonique	953
Ezekial	953
Germaine	953
Jaxyn	953
Lottie	953
Adaleigh	952
Brodrick	952
Danesha	952
Dayra	952
Dekota	952
Jhonatan	952
Anand	951
Niesha	951
Reaghan	951
Rosy	951
Shanti	951
Vianna	951
Zeth	951
Alley	950
Maryanna	950
Ailin	949
Annalyn	948
Delany	948
Elder	948
Jibril	948
Kimberli	948
Maelee	948
Sharonda	948
Tamaya	948
Violetta	948
Esequiel	947
Kayvon	947
Myrna	947
Brailey	946
Karlyn	946
Angelle	945
Arath	945
Breyden	945
Journei	945
Mathis	945
Porsche	945
Rya	945
Ender	944
Eryka	944
Jazmen	944
Raena	944
Rhiley	944
Brittnay	943
Haile	943
Naja	943
Randa	943
Sione	943
Sue	943
Ashlan	942
Jakia	942
Mellissa	942
Analeah	941
Jammie	941
Reema	941
Talisa	941
Andon	940
Eleana	940
Elliette	940
Iyla	940
Mikeal	940
Riyan	940
Shaquita	940
Arrow	939
Braylyn	939
Hershel	939
Jahmari	939
Jizelle	939
Kaelen	939
Nawal	939
Sheree	939
Shifra	939
Xzavion	939
Mali	938
Cherise	937
Deondra	937
Jalan	937
Kevan	937
Kylynn	937
Usman	937
Vittoria	937
Zooey	937
Kraig	936
Shakera	936
Tonisha	936
Curt	935
Dia	935
Emonie	935
Fabrizio	935
Holt	935
Ladonna	935
Naomie	935
Terrill	935
Audri	934
Bethel	934
Chenoa	934
Damia	934
Ivon	934
Maricarmen	934
Oona	934
Alyiah	933
Heston	933
Mick	933
Haya	932
Jerell	932
Makaya	932
Mei	932
Brison	931
Kattie	931
Nyesha	931
Vy	931
Darianna	930
Levy	930
Shanda	930
Teya	930
Traveon	930
Treven	930
Irwin	929
Jewels	929
Kalissa	929
Kendarius	929
Braedan	928
Kalaya	928
Leya	928
Mavrick	928
Mikenna	928
Romario	928
Edmundo	927
Emmanuella	927
Rayana	927
Cheri	926
Cherry	925
Maliek	925
Polina	925
Sachin	925
Zenobia	925
Banks	924
Breelyn	924
Giacomo	924
Linley	924
Roma	924
Steffany	924
Andreina	923
Avni	923
Ieshia	923
Rahim	923
Rahma	923
Shaurya	923
Emrie	922
Isra	922
Jenevieve	922
Mariaelena	922
Maryelizabeth	922
Mikenzie	922
Shamara	922
Zacharie	922
Blayze	921
Hensley	921
Izaya	921
Jaliah	921
Raygan	921
Tyeisha	921
Linette	920
Mckinsey	920
Myleigh	920
Nickole	920
Rush	920
Shruti	920
Lenox	919
Sondra	919
Ved	919
Zebulon	919
Coralie	918
December	918
Huy	918
Kayanna	918
Alekzander	917
Alizae	917
Amere	917
Deontay	917
Meleah	917
Shulem	917
Zarina	917
Avonlea	916
Daniell	916
Faiga	916
Jayvian	916
Blain	915
Breeann	915
Amadeus	914
Azrael	914
Drue	914
Jordann	914
Kristianna	914
Neena	914
Nyle	914
Teah	914
Tray	914
Elani	913
Khiry	913
Sadia	913
Tenisha	913
Cassi	912
Andersen	911
Collyn	911
Javari	911
Luana	911
Rebel	911
Selvin	911
Damario	910
Kaylor	910
Kaysha	910
Keigan	910
Leiah	910
Macario	910
Sonali	910
Tymir	910
Kenzley	909
Makenzee	909
Amadou	908
Anakaren	908
Jermey	908
Neela	908
Nilah	908
Ronnell	908
Sulaiman	908
Nell	907
Vishnu	907
Yohana	907
Caris	906
September	906
Taylynn	906
Brina	905
Kaitlynne	905
Kansas	905
Lakesha	905
Tysean	905
Anthoney	904
Kashawn	904
Meghana	904
Ashlen	903
Cristin	903
Denice	903
Efraim	903
Jalani	903
Patton	903
Rayonna	903
Yisrael	903
Jc	902
Kishan	902
Landis	902
Maizy	902
Malory	902
Paradise	902
Takara	902
Teaghan	902
Caron	901
Gavan	901
Klaudia	901
Mena	901
Ozzie	901
Ravin	901
Joshlyn	900
Loghan	900
Dallen	899
Jentry	899
Lilliann	899
Tiona	899
Eliud	898
Avrie	897
Cadance	897
Fabricio	897
Gracy	897
Hermione	897
Jeremih	897
Maximino	897
Reena	897
Shan	897
Soham	897
Aaliah	896
Abisai	896
Pandora	896
Prudence	896
Betzaida	895
Loreal	895
Mikalah	895
Tanika	895
Brittan	894
Cross	894
Kaitlan	894
Macyn	894
Fatou	893
Graycen	893
Jaycen	893
Juaquin	893
Lainee	893
Maxon	893
Shyheim	893
Tylon	893
Ariona	892
Demarkus	892
Harmonee	892
Lyndsie	892
Avry	891
Britani	891
Georgianna	891
Jakeem	891
Lavinia	891
Lisandra	891
Pharaoh	891
Tobi	891
Charlette	890
Clancy	890
Dietrich	890
Jaileen	890
Julyssa	890
Link	890
Cayleb	889
Deserae	889
Rylei	889
Bryston	888
Chyann	888
Emberlynn	888
Janett	888
Lelia	888
Tennyson	888
Wilma	888
Edyn	887
Kasyn	887
Maddilyn	887
Betzy	886
Dresden	886
Ilyana	886
Mariely	886
Shannan	886
Etienne	885
Jozie	885
Melaina	885
Zaidyn	885
Hadassa	884
Kerrington	884
Lillee	884
Stratton	884
Viraj	884
Chason	883
Dathan	883
Jun	883
Kionna	883
Maliki	883
Mccall	883
Yasmina	883
Charlton	882
Deshun	882
Ianna	882
Khang	882
Zykeria	882
Elbert	881
Emarie	881
Georgie	881
Kynnedi	881
Laryssa	881
Martel	881
Sammi	881
Jabez	880
Jenise	880
Zayan	880
Amore	879
Fynn	879
Marilu	879
Maryellen	879
Nailea	879
Tal	879
Whittney	879
Antone	878
Kyia	878
Nadir	878
Pryce	878
Valen	878
Zarek	878
Alahna	877
Jayonna	877
Ky	877
Niara	877
Scot	877
Anamarie	876
Chanse	876
Ellington	876
Jonnathan	876
Leeanne	876
Nicolo	876
Tallon	876
Conan	875
Gerrit	875
Lou	875
Abhiram	874
Jacori	874
Kadynce	874
Teonna	874
Doreen	873
Isley	873
Kemani	873
Marlana	873
Reiley	873
Antonino	872
Cage	872
Evalina	872
Jerri	872
Amalie	871
Darya	871
Jayline	871
Tajah	871
Armen	870
Emaan	870
Iran	870
Maricella	869
Arun	868
Brently	868
Daisey	868
Goldy	868
Sandro	868
Alethea	867
Arham	867
Blas	867
Demetric	867
Jaylani	867
Zamarion	867
Devany	866
Kaleena	866
Thompson	866
Georgette	865
Ilianna	865
Keondra	865
Kofi	865
Megha	865
Montanna	865
Mylo	865
Dyanna	864
Keianna	864
Letty	864
Nayomi	864
Shariah	864
Tien	864
Andreya	863
Averee	863
Hazen	863
Karyssa	863
Milagro	863
Murray	863
Philippe	863
Samarth	863
Yatziri	863
Zharia	863
Bryonna	862
Daevon	862
Elisabet	862
Fritz	862
Gaspar	862
Jaidah	862
Jeanie	862
Shaela	862
Wilbur	862
Adrionna	861
Kolbi	861
Layken	861
Mykell	861
Napoleon	861
Rosita	861
Kally	860
Reily	860
Caraline	859
Chrissy	859
Dyana	859
Elysa	859
Daliyah	858
Idaly	858
Jessee	858
Karishma	858
Kymber	858
Migel	858
Paetyn	858
Suraj	858
Taliya	858
Gavino	857
Gittel	857
Havana	857
Isak	857
Kunal	857
Layden	857
Winona	857
Airam	856
Camdon	856
Jayvin	856
Markese	856
Samer	856
Kamauri	855
Mariska	855
Romero	855
Blima	854
Jamauri	854
Khyla	854
Maiah	854
Mayla	854
Nori	854
Siana	854
Avamarie	853
Bronte	853
Cashmere	853
Dayami	853
Hollyn	853
Kerrie	853
Madina	853
Mellisa	853
Rida	853
Sunnie	853
Aakash	852
Leighanna	852
Lita	852
Shianna	852
Stevi	852
Taniah	852
Breckyn	851
Emmah	851
Naliyah	851
Samaira	851
Catlin	850
Jashon	850
Markeisha	850
Rosaura	850
Alizah	849
Bricen	849
Darvin	849
Gaston	849
Shelbey	849
Yocelyn	849
Zahira	849
Kylia	848
Octavian	848
Shyan	848
Tyus	848
Zahria	848
Brystol	847
Daytona	847
Lavelle	847
Miquel	847
Sybil	847
Teodoro	847
Adleigh	846
Cristen	846
Jasean	846
Katiana	846
Layah	846
Linh	846
Manal	846
Sable	846
Tylin	846
Camellia	845
Davida	845
Deagan	845
Kayana	845
Kenedi	845
Yancy	845
Brion	844
Finlay	844
Leslee	844
Mirabella	844
Skylyn	844
Weslee	844
Han	843
Kaysie	843
Sabella	843
Sven	843
Alida	842
Amaan	842
Dagoberto	842
Demetrious	842
Jacquline	842
Katerin	842
Keyaira	842
Marceline	842
Sevyn	842
Ziya	842
Allisyn	841
Breyonna	841
Curran	841
Daegan	841
Eryk	841
Lisbet	841
Nitya	841
Yitzchak	841
Anasia	840
Azlynn	840
Brynnlee	840
Dagan	840
Daiana	840
Desaray	840
Jacinto	840
Jamarian	840
Keylan	840
Nirvana	840
Reghan	840
Brieana	839
Cydnee	839
Enmanuel	839
Keli	839
Kenzlee	839
Khaliah	839
Kortni	839
Lillyanne	839
Avalee	838
Haroon	838
Kristel	838
Neko	838
Oceana	838
Ronisha	838
Roseanna	838
Vickie	838
Yanni	838
Chiquita	837
Christ	837
Damiyah	837
Martika	837
Renesmee	837
Sama	837
Aaren	836
Elija	836
Kipton	836
Kirah	836
Rishabh	836
Madigan	835
Muriel	835
Nicco	835
Rhyder	835
Rudra	835
Ryah	835
Iona	834
Prestyn	834
Rubie	834
Sascha	834
Caedmon	833
Keeli	833
Atley	832
Darryn	832
Harlyn	832
Kamea	832
Maddyson	832
Sarahy	832
Shanise	832
Shaylah	832
Truth	832
Juno	831
Latesha	831
Shara	831
Takira	831
Tuesday	831
Atharv	830
Avaya	830
Finnigan	830
Jamaica	830
Jeanluc	830
Julienne	830
Lavender	830
Shanon	830
Jarely	829
Radley	829
Sabian	829
Vedant	829
Ariannah	828
Darlyn	828
Eamonn	828
Flint	828
Jamyra	828
Makinzie	828
Marleen	828
Vannesa	828
Vijay	828
Aadi	827
Cassey	827
Cordarius	827
Jarom	827
Raja	827
Ysabel	827
Bakari	826
Jeanpaul	826
Tobey	826
Alyshia	825
Binyomin	825
Gigi	825
Jalena	825
Jemima	825
Tali	825
Taneisha	825
Tilly	825
Zamiyah	825
Alaiyah	824
Diamante	824
Jamieson	824
Jeancarlo	824
Mikail	824
Randon	824
Trayton	824
Dade	823
Lulu	823
Nabeel	823
Oaklyn	823
Sabria	823
Sunni	823
Zyla	823
Arianah	822
Dany	822
Morgyn	822
Muna	822
Nhi	822
Philomena	822
Ravon	822
Trevan	822
Anyia	821
Britteny	821
Elma	821
Jevin	821
Jhett	821
Kimaya	821
Lamarr	821
Mackensie	821
Mazen	821
Timmothy	821
Benita	820
Cammie	820
Desmon	820
Ginny	820
Kamry	820
Lyssa	820
Thanh	820
Trevaughn	820
Zahraa	820
Katheryne	819
Nava	819
Rashel	819
Shakeria	819
Teara	819
Allanah	818
Allisa	818
Danyell	818
Kainen	818
Kinzlee	818
Mabry	818
Sury	818
Zari	818
Adonai	817
Dontavius	817
Ibrahima	817
Kaisen	817
Rozlyn	817
Abria	816
Ahna	816
Angelee	816
Colston	816
Cuauhtemoc	816
Hanson	816
Jiana	816
Raisa	816
Sherrod	816
Taren	816
Amyia	815
Cordero	815
Aneesh	814
Destanee	814
Ensley	814
Ishani	814
Amyiah	813
Dain	813
Jameria	813
Rafaela	813
Azeneth	812
Christien	812
Elyza	812
Ethaniel	812
Jameka	812
Keyera	812
Kiel	812
Leonna	812
Montavious	812
Trinidy	812
Bliss	811
Donivan	811
Ekaterina	811
Isaura	811
Kesha	811
Mackinzie	811
Sholom	811
Thad	811
Aliviah	810
Cidney	810
Eren	810
Lanna	810
Lizett	810
Pearce	810
Rubin	810
Samyra	810
Yassin	810
Abbagail	809
Koltyn	809
Loyalty	809
Nuvia	809
Pippa	809
Adelaida	808
Ammy	808
Maxime	808
Nader	808
Nashawn	808
Raigan	808
Ramel	808
Venice	808
Ameya	807
Analiyah	807
Carolann	807
Cayce	807
Idalis	807
Jessyca	807
Pietro	807
Trequan	807
Verna	807
Weldon	807
Carole	806
Caylen	806
Cloie	806
Jaquarius	806
Jaryn	806
Wil	806
Burton	805
Dezaray	805
Kadance	805
Lizzette	805
Rosamaria	805
Sylus	805
Anny	804
Avinash	804
Dimas	804
Eshaan	804
Lundyn	804
Suzannah	804
Akram	803
Danniel	803
Jaylie	803
Tam	803
Axle	802
Empress	802
Henrietta	802
Sumer	802
Alaynah	801
Aseel	801
Avin	801
Eduard	801
Egan	801
Elizabet	801
Emersen	801
Japheth	801
Marysol	801
Mikey	801
Nena	801
Oshea	801
Reef	801
Selin	801
Jannette	800
Kahlia	800
Matilyn	800
Sonora	800
Yelitza	800
Aicha	799
Ebonee	799
Javonta	799
Lilee	799
Malana	799
Niasia	799
Devontay	798
Eliam	798
Kadee	798
Karam	798
Pa	798
Suhani	798
Ayda	797
Bladen	797
Djuan	797
Somaya	797
Teal	797
Crawford	796
Lawton	796
Quan	796
Shadow	796
Talin	796
Charisse	795
Marquisha	795
Miangel	795
Ramiyah	795
Thais	795
Yakira	795
Yuvraj	795
Carolyne	794
Cathrine	794
Khaleel	794
Saron	794
Shanta	794
Andrez	793
Aziel	793
Derwin	793
Jarin	793
Laysha	793
Shala	793
Deaundre	792
Gabby	792
Jeremyah	792
Kimberlin	792
Arayah	791
Daymon	791
Mykia	791
Teaira	791
Doyle	790
Elif	790
Jarel	790
Jeremi	790
Lakelyn	790
Leviticus	790
Valorie	790
Aalayah	789
Emaline	789
Romell	789
Shaneka	789
Alexes	788
Donato	788
Jakyla	788
Jaydee	788
Kendalyn	788
Kion	788
Mahki	788
Naydelin	788
Synthia	788
Avari	787
Ayomide	787
Brien	787
Jesika	787
Kambrie	787
Lyndi	787
Oryan	787
Riaan	787
Beautiful	786
Kenai	786
Nima	786
Rojelio	786
Yoseline	786
Zamira	786
Abrahan	785
Acadia	785
Aishah	785
Azra	785
Haylea	785
Macon	785
Shakir	785
Tionne	785
Amrit	784
Audie	784
Edrick	784
Jozef	784
Meggan	784
Shardae	784
Teresita	784
Adem	783
Andrianna	783
Janina	783
Jariyah	783
Myiah	783
Rhiana	783
Sakina	783
Alister	782
Annalie	782
Booker	782
Cassy	782
Lynzie	782
Mahir	782
Novah	782
Treshaun	782
Cristine	781
Falyn	781
Jeramie	781
Jonnie	781
Kensie	781
Lyam	781
Rayah	781
Shalonda	781
Christoper	780
Dagny	780
Jakhi	780
Kyng	780
Lupe	780
Nasser	780
Nathon	780
Varsha	780
Alixandra	779
Bao	779
Kaliya	779
Lachelle	779
Liesl	779
Lynne	779
Raylyn	779
Shelia	779
Annalia	778
Endia	778
Xavien	778
Aaiden	777
Ajanae	777
Blakeley	777
Dartagnan	777
Jamilet	777
Jannat	777
Michelangelo	777
Moussa	777
Pacey	777
Saphire	777
Tiare	777
Yarel	777
Catelynn	776
Estephany	776
Kailan	776
Malin	776
Amrita	775
Gianfranco	775
Graciella	775
Jacquelyne	775
Roya	775
Usher	775
Andee	774
Daequan	773
Jeanelle	773
Kiandra	773
Marrisa	773
Melanny	773
Nam	773
Zaynah	773
Briyana	772
Effie	772
Emberlyn	772
Jabriel	772
Kaiyah	772
Kennan	772
Liora	772
Yaneth	772
Yurem	772
Abbygale	771
Carlisle	771
Jelisa	771
Landri	771
Rayanne	771
Alizay	770
Cattleya	770
Chany	770
Chrystian	770
Conlan	770
Dawsyn	770
Jamall	770
Matheo	770
Roshni	770
Kit	769
Mitzy	769
Olympia	769
Saleen	769
Anistyn	768
Arantza	768
Jennings	768
Loyal	768
Malerie	768
Phebe	768
Sachi	768
Socorro	768
Yamila	768
Destynee	767
Homer	767
Lanya	767
Maraya	767
Pascal	767
Richmond	767
Rockwell	767
Tynesha	767
Aishwarya	766
Haylen	766
Alicen	765
Camelia	765
Ena	765
Havyn	765
Nicki	765
Rachele	765
Tiberius	765
Anvi	764
Azari	764
Bonita	764
Cornelia	764
Demetrice	764
Haili	764
Helaina	764
Indy	764
Jlynn	764
Krystyna	764
Mackenzee	764
Prisila	764
Regine	764
Rhian	764
Danitza	763
Daxon	763
Jaziyah	763
Kaely	763
Mahayla	763
Medha	763
Ritchie	763
Adrielle	762
Darielle	762
Kallista	762
Morrison	762
Noreen	762
Reyli	762
Jaquavious	761
Joya	761
Juanjose	761
Magda	761
Mamie	761
Nils	761
Rance	761
Reeve	761
Sandi	761
Sharee	761
Trenity	761
Amity	760
Brodi	760
Courteney	760
Jaelah	760
Jerardo	760
Jessey	760
Kandis	760
Laurin	760
Zymir	760
Carisa	759
Daeshawn	759
Jr	759
Ranya	759
Reis	759
Arav	758
Candelaria	758
Dashia	758
Davey	758
Inaaya	758
Keeton	758
Marino	758
Nohely	758
Oliva	758
Una	758
Alexas	757
Antwaun	757
Caitlan	757
Jenaya	757
Kamyah	757
Marylou	757
Seirra	757
Skyelar	757
Takiya	757
Ziyah	757
Arly	756
Contessa	756
Devina	756
Jenavieve	756
Jestin	756
Jetta	756
Natashia	756
Sohan	756
Vaishnavi	756
Akari	755
Brileigh	755
Emelin	755
Kaija	755
Lianne	755
Natosha	755
Royale	755
Adreana	754
Argenis	754
Deanne	754
Janaye	754
Kaori	754
Maeghan	754
Meryl	754
Romelo	754
Andraya	753
Breah	753
Emmily	753
Jayon	753
Jayton	753
Jens	753
Keyra	753
Lania	753
Rosella	753
Tamari	753
Tempest	753
Ayat	752
Jacobie	752
Josselin	752
Jourdyn	752
Kemarion	752
Khayla	752
Mace	752
Ruthann	752
Adysen	751
Delaina	751
Nicholai	751
Praise	751
Anthoni	750
Everley	750
Jamileth	750
Marena	750
Tami	750
Tiyanna	750
Zowie	750
Zuleika	750
Aixa	749
Alika	749
Aralyn	749
Cecile	749
Christon	749
Courtlyn	749
Ixchel	749
Kenslee	749
Nicoletta	749
Pasquale	749
Raylon	749
Zuleyma	749
Amr	748
Camerin	748
Kaimana	748
Ailey	747
Amera	747
Avante	747
Concepcion	747
Eyad	747
Kalyssa	747
Odell	747
Quintavious	747
Aisley	746
Arieana	746
Cavin	746
Eesha	746
Kaneisha	746
Khloie	746
Makynzie	746
Marylin	746
Mckenzee	746
Radhika	746
Chayla	745
Claribel	745
Divina	745
Domonick	745
Dorothea	745
Kaeley	745
Verity	745
Alandra	744
Arnaldo	744
Celestina	744
Fern	744
Jontae	744
Toney	744
Izrael	743
Kensey	743
Lakeshia	743
Levin	743
Teyana	743
Tzipora	743
Celest	742
Dominica	742
Edvin	742
Enos	742
Haylei	742
Seren	742
Tait	742
Betsabe	741
Brihanna	741
Daiquan	741
Kambri	741
Kenyetta	741
Loni	741
Vanna	741
Delton	740
Kenyan	740
Lauro	740
Mallie	740
Massiah	740
Shailyn	740
Steffen	740
Aolani	739
Domenica	739
Khylee	739
Marwan	739
Nereyda	739
Nicolaus	739
Zeb	739
Alynna	738
Annaleah	738
Ebenezer	738
Hendrick	738
Terance	738
Derricka	737
Dyland	737
Javarius	737
Kellin	737
Leiana	737
Sadee	737
Vilma	737
Calissa	736
Charla	736
Damiya	736
Heavyn	736
Jasmina	736
Javaughn	736
Keron	736
Nahom	736
Nandini	736
Tarun	736
Aalyiah	735
Abdurrahman	735
Jarad	735
Jarid	735
Kerra	735
Miko	735
Morrigan	735
Raegen	735
Bergen	734
Brilynn	734
Enoc	734
Kyleah	734
Saida	734
Tytan	734
Abrar	733
Kandyce	733
Makyah	733
Margret	733
Stephaine	733
Berlyn	732
Bralyn	732
Emy	732
Fredi	732
Melena	732
Thien	732
Asmaa	731
Brelynn	731
Gibran	731
Kayliana	731
Kenzy	731
Meliza	731
Porfirio	731
Sharae	731
Shawnna	731
Caelin	730
Channel	730
Dmarcus	730
Myeisha	730
Alara	729
Aleen	729
Dylin	729
Katara	729
Rebeccah	729
Sharod	729
Avelyn	728
Aylen	728
Ciro	728
Dezire	728
Dutch	728
Ellah	728
Marcial	728
Rees	728
Tyvon	728
Zania	728
Dontez	727
Jelissa	727
Jeriel	727
Joah	727
Kailea	727
Keishawn	727
Khaleb	727
Briyanna	726
Gionna	726
Hilton	726
Jaleigh	726
Maija	726
Marquette	726
Niccolo	726
Tamiah	726
Traven	726
Vinay	726
Vivica	726
Zoei	726
Davaughn	725
Harlen	725
Jhonathan	725
Meya	725
Oden	725
Tynisha	725
Andrae	724
Armonie	724
Dillen	724
Eiza	724
Jaxin	724
Jerred	724
Maleena	724
Advik	723
Daeja	723
Donovin	723
Ilya	723
Jamaree	723
Janyia	723
Kacen	723
Kiaya	723
Manha	723
Matthieu	723
Sidra	723
Alexxa	722
Daphney	722
Dezmon	722
Elizah	722
Janiel	722
Jonmichael	722
Qasim	722
Yisel	722
Jaythan	721
Lipa	721
Lorenza	721
October	721
Ahron	720
Cutler	720
Elimelech	720
Laniah	720
Raynard	720
Haziel	719
Magdalen	719
Sagan	719
Sylar	719
Vann	719
Abella	718
Amaryllis	718
Daelynn	718
Infinity	718
Ioannis	718
Jaye	718
Kelcy	718
Tomi	718
Zakariah	718
Adalynne	717
Aleaha	717
Avan	717
Boruch	717
Delina	717
Emiko	717
Kellee	717
Nadiyah	717
Savina	717
Shaine	717
Stephane	717
Xaiden	717
Barbie	716
Erickson	716
Evelyne	716
Lynnea	716
Nasya	716
Rayshaun	716
Sherlin	716
Alyssandra	715
Bayla	715
Daysia	715
Deontre	715
Kimberlie	715
Matilde	715
Saria	715
Shanita	715
Waylen	715
Xandria	715
Colden	714
Jacelynn	714
Keyton	714
Nessa	714
Adrean	713
Brantly	713
Brenley	713
Frieda	713
Johndavid	713
Landrie	713
Lexia	713
Marlaina	713
Oksana	713
Aveline	712
Bijan	712
Delvon	712
Jaceon	712
Niam	712
Shamaya	712
Wolf	712
Fanta	711
Jadeyn	711
Jakson	711
Shaheed	711
Tou	711
Demetra	710
Elouise	710
Juvenal	710
Macen	710
Nicodemus	710
Niklaus	710
Susanne	710
Tayson	710
Annistyn	709
Antonina	709
Cainan	709
Fenix	709
Fraidy	709
Kyasia	709
Makaio	709
Sherrie	709
Bayan	708
Davidson	708
Domanick	708
Ilona	708
Jonelle	708
Makhia	708
Manolo	708
Rashida	708
Trajan	708
Daryan	707
Evy	707
Greenlee	707
Gustav	707
Kierston	707
Koltin	707
Koral	707
Traevon	707
Tyisha	707
Arien	706
Dolly	706
Edgard	706
Edric	706
Eriq	706
Gaetano	706
Garin	706
Giancarlos	706
Golda	706
Jawaun	706
Jobe	706
Sofiya	706
Sylis	706
Twyla	706
Florentino	705
Genavieve	705
Kavan	705
Klay	705
Nihal	705
Pessy	705
Cheyene	704
Joleigh	704
Kaito	704
Talha	704
Carmyn	703
Eila	703
Jesseca	703
Leron	703
Lizandro	703
Nakai	703
Quaid	703
Shylee	703
Vashti	703
Adama	702
Cris	702
Davia	702
Kaleigha	702
Saja	702
Sarabeth	702
Sebastion	702
Sina	702
Derron	701
Linzy	701
Misti	701
Nykia	701
Sabryna	701
Amariana	700
Annsley	700
Mahnoor	700
Marya	700
Oakleigh	700
Shareef	700
Ezri	699
Korinne	699
Nadeen	699
Nicol	699
Vinny	699
Yanelly	699
Candis	698
Eniyah	698
Julieanne	698
Kieara	698
Maynor	698
Skylin	698
Zenia	698
Aerin	697
Buck	697
Damar	697
Delfino	697
Korra	697
Koy	697
Meriah	697
Yasser	697
Alauna	696
Iram	696
Makel	696
Sagar	696
Shomari	696
Trevyn	696
Zoha	696
Atara	695
Cameo	695
Carmelita	695
Emmery	695
Ignatius	695
Jasson	695
Lenore	695
Pheonix	695
Rayaan	695
Shavonne	695
Yobani	695
Aarron	694
Alastair	694
Kani	694
Latoria	694
Shakiya	694
Anmol	693
Deaven	693
Derin	693
Divinity	693
Dolan	693
Hendrik	693
Kathya	693
Kyzer	693
Marshaun	693
Razan	693
Ronak	693
Adaya	692
Aniela	692
Avelina	692
Cristiana	692
Gwendalyn	692
Joshue	692
Kaileb	692
Markos	692
Shayleigh	692
Taija	692
Taurus	692
Tywan	692
Yerik	692
Zina	692
Angelise	691
Anselmo	691
Avory	691
Lejla	691
Maxfield	691
Morelia	691
Padraig	691
Paizlee	691
Raeven	691
Sheyanne	691
Torrin	691
Wilton	691
Acelynn	690
Ariell	690
Coralee	690
Delmar	690
Izac	690
Lavina	690
Lleyton	690
Minna	690
Nadira	690
Reginae	690
Rivkah	690
Sulema	690
Tarin	690
Cintia	689
Kysen	689
Mehdi	689
Porscha	689
Triana	689
Calob	688
Catie	688
Elanor	688
Kamrynn	688
Parish	688
Yannick	688
Zyana	688
Amadeo	687
Coltan	687
Daviana	687
Demya	687
Dorcas	687
Kawika	687
Lorissa	687
Niomi	687
Abhishek	686
Anastazia	686
Arwa	686
Ashland	686
Coley	686
Jacque	686
Katerine	686
Kimari	686
Paulino	686
Raelene	686
Shanay	686
Ziah	686
Amarii	685
Caira	685
Didier	685
Eulalia	685
Hinda	685
Jadore	685
Jessalynn	685
Kearra	685
Lashaun	685
Leonora	685
Lissa	685
Shadae	685
Tanay	685
Taylyn	685
Aili	684
Bane	684
Fares	684
Malaina	684
Maysa	684
Pinchas	684
Blue	683
Ivanka	683
Karyna	683
Lauran	683
Montrel	683
Naythan	683
Steffan	683
Bransen	682
Haydin	682
Jahmal	682
Koi	682
Otoniel	682
Alaiya	681
Dayonna	681
Feliciano	681
Karie	681
Lucila	681
Mckensie	681
Natasia	681
Troi	681
Walid	681
Yoseph	681
Azaan	680
Brier	680
Dedric	680
Giovana	680
Ishika	680
Kiely	680
Latosha	680
Rianne	680
Chadrick	679
Isayah	679
Jorie	679
Philippa	679
Rommel	679
Saskia	679
Seana	679
Sereniti	679
Tillie	679
Tommi	679
Andree	678
Azlyn	678
Brooklyne	678
Brynlie	678
Cassidi	678
Dayson	678
Gianmarco	678
Leeza	678
Shatara	678
Aarushi	677
Alesandra	677
Arsenio	677
Denasia	677
Emre	677
Eusebio	677
Gabryella	677
Kalon	677
La	677
Leonela	677
Shealynn	677
Wednesday	677
Yecenia	677
Ziyon	677
Auria	676
Chancelor	676
Ivelisse	676
Jacalyn	676
Jamarious	676
Kiesha	676
Lawren	676
Merrill	676
Neri	676
Tawni	676
Aleana	675
Benjiman	675
Persia	675
Rajon	675
Teasia	675
Ziad	675
Calia	674
Dajanae	674
Delon	674
Elgin	674
Emmalie	674
Gracin	674
Jermain	674
Railey	674
Zacarias	674
Amada	673
Marietta	673
Anasofia	672
Cardell	672
Coryn	672
Demar	672
Faiza	672
Franki	672
Jaquon	672
Jaylinn	672
Jodeci	672
Leeroy	672
Riggs	672
Riker	672
Taveon	672
Chioma	671
Jakeria	671
Jawon	671
Josalynn	671
Karima	671
Kimi	671
Maleia	671
Masiah	671
Matea	671
Rayn	671
Stoney	671
Alyxandra	670
Aviel	670
Calyn	670
Cecilio	670
Clarisse	670
Genisis	670
Jamyia	670
Kapri	670
Kearstin	670
Khia	670
Mazzy	670
Aundre	669
Bela	669
Bryanne	669
Jamika	669
Juliano	669
Tequila	669
Zeynep	669
Brenan	668
Carmel	668
Eber	668
Jaeger	668
Jalene	668
Rodriquez	668
Shamel	668
Zoi	668
Aslan	667
Kaisley	667
Larenzo	667
Maliq	667
Nigeria	667
Sarrah	667
Trinton	667
Zahid	667
Arius	666
Cassidee	666
Daijon	666
Damarco	666
Jowell	666
Rasheem	666
Tino	666
Anniyah	665
Bethani	665
Briah	665
Dayquan	665
Jona	665
Lenna	665
Markis	665
Tesia	665
Vasilios	665
Ziyad	665
Aissatou	664
Andromeda	664
Brailynn	664
Brendin	664
Evey	664
Ferris	664
Keiona	664
Khloey	664
Kymora	664
Merle	664
Sephora	664
Shalee	664
Abigal	663
Cobi	663
Croix	663
Dayvion	663
Jamarr	663
Karmelo	663
Merry	663
Salah	663
Shaliyah	663
Talor	663
Alicea	662
Andrik	662
Denia	662
Elda	662
Josi	662
Kasper	662
Lamiyah	662
Mayleen	662
Nandi	662
Samyah	662
Adham	661
Amory	661
Janise	661
Johnae	661
Keysha	661
Maeson	661
Zavien	661
Arina	660
De	660
Kallan	660
Steffanie	660
Abdoulaye	659
Anica	659
Aribella	659
Cherelle	659
Dacota	659
Durrell	659
Jamara	659
Jeannine	659
Kennadie	659
Kloee	659
Lorene	659
Makana	659
Maxson	659
Rashod	659
Siarra	659
Tashaun	659
Wayde	659
Zamaria	659
Zeina	659
Aarin	658
Atlee	658
Destry	658
Elijha	658
Jamarie	658
Kentavious	658
Keyshaun	658
Leilanie	658
Sire	658
Tesa	658
Trudy	658
Aiko	657
Donisha	657
Montreal	657
Rashaan	657
Zebadiah	657
Abhay	656
Carah	656
Elektra	656
Eron	656
Liesel	656
Mikela	656
Theodor	656
Aeriel	655
Asim	655
Rajan	655
Rayhan	655
Seleste	655
Tayana	655
Alayjah	654
Amiri	654
Bessie	654
Cinnamon	654
Keera	654
Manav	654
Stellan	654
Danaya	653
Janisha	653
Kevonte	653
Nathaneal	653
Rhema	653
Adon	652
Amaiyah	652
Bob	652
Ceanna	652
Eshal	652
Hadeel	652
Jayln	652
Kamyra	652
Lukus	652
Mariaguadalupe	652
Midori	652
Nerissa	652
Prestin	652
Rosabella	652
Spring	652
Angella	651
Jamonte	651
Jezreel	651
Kendale	651
Lilianne	651
Najma	651
Rishaan	651
Shaunna	651
Shilah	651
Syler	651
Sylvan	651
Anisah	650
Bushra	650
Chanda	650
Emree	650
Kalila	650
Fatma	649
Jaritza	649
Kadi	649
Kameren	649
Leidy	649
Maram	649
Maven	649
Noura	649
Santina	649
Aidin	648
Anuj	648
Dacoda	648
Dreshawn	648
Faythe	648
Kaydan	648
Makalah	648
Phaedra	648
Ruhi	648
Sharmaine	648
Shaylene	648
Adryanna	647
Atiya	647
Coda	647
Jaciel	647
Makensie	647
Malasia	647
Naiomi	647
Parisa	647
Uri	647
Yan	647
Cadin	646
Candyce	646
Christiano	646
Drea	646
Eladio	646
Jaelon	646
Kirin	646
Kiyomi	646
Kynzie	646
Anthonie	645
Ayoub	645
Brain	645
Eliya	645
Kennia	645
Kylene	645
Lamiya	645
Luiza	645
Toren	645
Annissa	644
Colyn	644
Copeland	644
Drevon	644
Huck	644
Jaxsyn	644
Kasha	644
Shlok	644
Stanford	644
Theophilus	644
Yailin	644
Zabrina	644
Kaan	643
Kamira	643
Larae	643
Marquice	643
Talayah	643
Tyrelle	643
Zandra	643
Amel	642
Cliff	642
Elden	642
Emmersyn	642
Liset	642
Marquavious	642
Shandi	642
Svetlana	642
Alon	641
Amire	641
Annalicia	641
Briasia	641
Ikaika	641
Jaymi	641
Kelia	641
Lilla	641
Zaryah	641
Aalyah	640
Aizen	640
Alyssah	640
Basya	640
Melodi	640
Nicholle	640
Ranger	640
Sydne	640
Terrin	640
Trevis	640
Ward	640
Ahlam	639
Chaniya	639
Darek	639
Darsh	639
Huntley	639
Jaivon	639
Kimberlynn	639
Kiyanna	639
Queenie	639
Sekou	639
Arlie	638
Aurianna	638
Binyamin	638
Eligh	638
Giuliano	638
Jeanpierre	638
Kaitlen	638
Marti	638
Nithya	638
Tykeria	638
Auriel	637
Connar	637
Jaleen	637
Kelcee	637
Lavar	637
Martavius	637
Shakeem	637
Yuritzi	637
Aydenn	636
Duran	636
Lashawna	636
Teon	636
Awa	635
Ilias	635
Izzy	635
Kaelie	635
Kaylia	635
Keniyah	635
Lior	635
Zailey	635
Ahana	634
Chadd	634
Christelle	634
Eveline	634
Evelynne	634
Kamerin	634
Lyriq	634
Makennah	634
Mayci	634
Riki	634
Shaw	634
Tziporah	634
Zuleima	634
Augusto	633
Ayiana	633
Chancey	633
Devonne	633
Golden	633
Heavenlee	633
Kendon	633
Kiptyn	633
Maribeth	633
Rayleen	633
Sumayyah	633
Teona	633
Viaan	633
Aashna	632
Berklee	632
Cadie	632
Gretel	632
Haider	632
Hillel	632
Jezebel	632
Kyri	632
Mateus	632
Morgann	632
Thao	632
Breeze	631
Corinthian	631
Eriel	631
Fay	631
Gehrig	631
Halia	631
Jaicee	631
Karlo	631
Kashmir	631
Lakenya	631
Lynzee	631
Nella	631
Randee	631
Xaria	631
Breyon	630
Cobe	630
Evann	630
Hasani	630
Jd	630
Jimi	630
Jonpaul	630
Kadon	630
Kiaan	630
Nassir	630
Rylyn	630
Serafin	630
Tafari	630
Amilya	629
Arisbeth	629
Hadiya	629
Janson	629
Jawuan	629
Makhai	629
Sayde	629
Zoila	629
Alaska	628
Beckam	628
Emylee	628
Kelechi	628
Kile	628
Kileigh	628
Lorie	628
Maisha	628
Rithvik	628
Aiesha	627
Alajah	627
Alva	627
Jorel	627
Sharron	627
Derrian	626
Emmarose	626
Geovanna	626
Harmon	626
Jerick	626
Kodey	626
Ryatt	626
Alvina	625
Anden	625
Andreanna	625
Arlett	625
Azaiah	625
Embry	625
Jaia	625
Jamecia	625
Neda	625
Osama	625
Rut	625
Shamiyah	625
Soha	625
Ayala	624
Juandiego	624
Kaile	624
Kelin	624
Tanis	624
Yoni	624
Adamary	623
Bashir	623
Brockton	623
Disha	623
Gianella	623
Kennon	623
Lavern	623
Loran	623
Maher	623
Phil	623
Sully	623
Charlise	622
Haniya	622
Kameran	622
Mailyn	622
Nicholette	622
Ramy	622
Artem	621
Ayrton	621
Constanza	621
Corine	621
Dre	621
Hershy	621
Jakelin	621
Najae	621
Tyriek	621
Areanna	620
Bernabe	620
Celestino	620
Dimitrius	620
Eliora	620
Geremy	620
Khaliq	620
Korin	620
Madolyn	620
Nicolina	620
Zachari	620
Antuan	619
Atom	619
Brodee	619
Cheyenna	619
Damara	619
Demontae	619
Gorge	619
Kallee	619
Kalub	619
Maryan	619
Vander	619
Ayannah	618
Cylas	618
Davianna	618
Jerrett	618
Kalise	618
Kourtni	618
Luqman	618
Sumner	618
Tabor	618
Waylan	618
Aiva	617
Dawayne	617
Harsh	617
Jasiyah	617
Kelyn	617
Kyrell	617
Latricia	617
Lolita	617
Loraine	617
Prescott	617
Aiyden	616
Analyse	616
Chas	616
Jenee	616
Johnatan	616
Kamyla	616
Kullen	616
Marcelle	616
Mariann	616
Orson	616
Reagen	616
Spirit	616
Thurman	616
Amena	615
Annagrace	615
Anyiah	615
Cosmo	615
Derrius	615
Kalem	615
Katja	615
Nizhoni	615
Saquan	615
Alayshia	614
Allura	614
Cindi	614
Dusten	614
Ellyse	614
Isaiha	614
Liyana	614
Makari	614
Mollee	614
Quashawn	614
Tahira	614
Terrica	614
Auriana	613
Avital	613
Delayna	613
Jadalyn	613
Keniya	613
Marnie	613
Tailynn	613
Tamesha	613
Terryn	613
Yovany	613
Amonte	612
Aristotle	612
Barret	612
Daivon	612
Evangelia	612
Ferdinand	612
Florencia	612
Giles	612
Irena	612
Jarrad	612
Lenard	612
Raelin	612
Ram	612
Renard	612
Terriana	612
Bradey	611
Branton	611
Breaunna	611
Cincere	611
Jacqulyn	611
Kaeson	611
Kanaan	611
Kassondra	611
Lessly	611
Mendy	611
Rama	611
Sherwin	611
Taevon	611
Talea	611
Aryonna	610
Aryssa	610
Cambry	610
Demonta	610
Gweneth	610
Holton	610
Anneke	609
Asaiah	609
Azariyah	609
Baldemar	609
Chavez	609
Dionicio	609
Kanoa	609
Marivel	609
Mikhael	609
Adira	608
Allister	608
Camaron	608
Collen	608
Daina	608
Dulcemaria	608
Oluwatobi	608
Ricco	608
Shaindel	608
Shaley	608
Avrey	607
Cru	607
Deseree	607
Karaline	607
Marisha	607
Mickenzie	607
Omega	607
Raquelle	607
Rhylan	607
Toryn	607
Alaijah	606
Anari	606
Blayden	606
Calan	606
Katty	606
Lisamarie	606
Meridith	606
Nolyn	606
Rainy	606
Rima	606
Sparrow	606
Zabdiel	606
Arihanna	605
Brentlee	605
Callee	605
Corynn	605
Evangelos	605
Irlanda	605
Jenniffer	605
Juel	605
Kisha	605
Marriah	605
Teja	605
Zamora	605
Alexanderia	604
Breena	604
Carlina	604
Daesha	604
Ethel	604
Jalicia	604
Jolina	604
Jozlynn	604
Kamarie	604
Katherina	604
Kervin	604
Londen	604
Taylore	604
Whisper	604
Yides	604
Ashna	603
Bretton	603
Celestine	603
Corry	603
Dalena	603
Edy	603
Kassidee	603
Laiba	603
Raheim	603
Ronell	603
Scotlyn	603
Thayne	603
Trapper	603
Tresean	603
Kagan	602
Kalisha	602
Leylah	602
Nija	602
Oralia	602
Shaylie	602
Tehila	602
Tillman	602
Alissia	601
Aydon	601
Calee	601
Cylus	601
Imaan	601
Kaven	601
Landree	601
Miryam	601
Olen	601
Rayla	601
Sydnei	601
Tajh	601
Aubre	600
Bryna	600
Carleen	600
Denilson	600
Gracia	600
Jadalynn	600
Jarrid	600
Kean	600
Zakiyyah	600
Adelyne	599
Ameenah	599
Blossom	599
Braidyn	599
Caydon	599
Ciani	599
Davyn	599
Deveon	599
Henny	599
Jalea	599
Janayah	599
Jensyn	599
Kirsty	599
Maguire	599
Matan	599
Suzie	599
Truitt	599
Uzziah	599
Ajla	598
Avionna	598
Gildardo	598
Giovannie	598
Jaice	598
Jediah	598
Joanie	598
Klynn	598
Natividad	598
Owyn	598
Raudel	598
Sunday	598
Thayer	598
Amilcar	597
Ayelen	597
Brithany	597
Dajour	597
Ellise	597
Grisel	597
Maple	597
Peyten	597
Tyrah	597
Wesly	597
Aedyn	596
Amogh	596
Aralynn	596
Atharva	596
Carlye	596
Farid	596
Keena	596
Kendrell	596
Keshun	596
Marqus	596
Refugio	596
Yahel	596
Zionna	596
Araseli	595
Brexton	595
Briel	595
Camara	595
Christyn	595
Joseantonio	595
Lamaya	595
Lettie	595
Maddyn	595
Manning	595
Ryane	595
Sander	595
Shamyra	595
Ambrielle	594
Ariyan	594
Coraima	594
Fatema	594
Krissy	594
Kynzlee	594
Latanya	594
Lovell	594
Meghna	594
Mordecai	594
Neyda	594
Zya	594
Bianey	593
Brigit	593
Dori	593
Murad	593
Shayaan	593
Tashara	593
Darlin	592
Finlee	592
Gardenia	592
Hawk	592
Henrry	592
Keston	592
Marlayna	592
Torry	592
Chisom	591
Granger	591
Izik	591
Makoa	591
Marshay	591
Shadi	591
Shaheem	591
Ayelet	590
Betsaida	590
Garen	590
Haisley	590
Katryna	590
Kenedy	590
Laycee	590
Leighla	590
Maniyah	590
Sherly	590
Sidnee	590
Calley	589
Daniyal	589
Epiphany	589
Graceann	589
Jazel	589
Kenrick	589
Leeana	589
Modesto	589
Railyn	589
Saint	589
Shakara	589
Sidharth	589
Talib	589
Teron	589
Toriana	589
Valor	589
Aurielle	588
Iridian	588
Jayvien	588
Jerico	588
Obinna	588
Omri	588
Rand	588
Thaddaeus	588
Zulma	588
Bernie	587
Blakelee	587
Chanler	587
Davonna	587
Ebone	587
Kemberly	587
Nissa	587
Santanna	587
Shantae	587
Tariah	587
Tayven	587
Tynan	587
Albany	586
Cambri	586
Crispin	586
Erma	586
Jasmaine	586
Jenay	586
Lakshmi	586
Pace	586
Sahir	586
Shelbee	586
Yadier	586
Brienne	585
Devonna	585
Diona	585
Florencio	585
Genevie	585
Gricelda	585
Jamilla	585
Jani	585
Manar	585
Mehmet	585
Moishe	585
Tevita	585
Treyvion	585
Zian	585
Aariz	584
Adelynne	584
Aleksa	584
Alliana	584
Ameria	584
Arushi	584
Daveion	584
Jamirah	584
Jancarlo	584
Mahad	584
Rainer	584
Ramir	584
Travell	584
Amil	583
Boy	583
Corde	583
Darleen	583
Fawn	583
Isyss	583
Kendahl	583
Khole	583
Mackinley	583
Maribelle	583
Marykatherine	583
Melaney	583
Panagiotis	583
Samy	583
Taiya	583
Tyrie	583
Ulyses	583
Alberta	582
Caeli	582
Jehu	582
Piotr	582
Shyenne	582
Tenaya	582
Avaleigh	581
Gala	581
Jahsiah	581
Jolette	581
Josmar	581
Oliviah	581
Pari	581
Raevyn	581
Santo	581
Shanea	581
Tamarion	581
Teairra	581
Anoushka	580
Brystal	580
Daizy	580
Dillian	580
Jahi	580
Javante	580
July	580
Kalayah	580
Kalley	580
Koryn	580
Melodee	580
Newton	580
Vita	580
Wayland	580
Akemi	579
Akyra	579
Arisa	579
Athanasios	579
Hardy	579
Liani	579
Lucile	579
Mathilda	579
Rosana	579
Sahra	579
Abigaile	578
Aleigh	578
Graeson	578
Jayshaun	578
Langley	578
Merida	578
Tarryn	578
Tayten	578
Yohanna	578
Abubakar	577
Ankit	577
Marelyn	577
Abrahm	576
Claudette	576
Decarlos	576
Evelia	576
Iveth	576
Jefferey	576
Juanmanuel	576
Kong	576
Marque	576
Maryrose	576
Rashell	576
Alexsa	575
Analiz	575
Cicely	575
Emina	575
Jaslin	575
Jostin	575
Julieth	575
Kaius	575
Karrah	575
Kimiko	575
Kodee	575
Mandie	575
Penn	575
Rahsaan	575
Sameera	575
Tashina	575
Agustina	574
Britanny	574
Christiane	574
Corryn	574
Damone	574
Ily	574
Jadynn	574
Keala	574
Kiante	574
Madalyne	574
Marleni	574
Monisha	574
Alaynna	573
Alphonse	573
Elayne	573
Kayra	573
Rasheeda	573
Regis	573
Rishab	573
Saisha	573
Skarlett	573
Young	573
Alanie	572
Aleecia	572
Aleesa	572
Carrissa	572
Chidera	572
Jameelah	572
Jameshia	572
Jaysean	572
Kolter	572
Maisey	572
Rihana	572
Yu	572
Zarria	572
Anneka	571
Caia	571
Caralyn	571
Danah	571
Gennesis	571
Judge	571
Leianna	571
Nadav	571
Nyia	571
Oswald	571
Prentice	571
Rasheen	571
Silverio	571
Tasnim	571
Tiani	571
Alexandar	570
Aviv	570
Brissia	570
Britnie	570
Brocha	570
Evanna	570
Honesti	570
Janney	570
Kymberlee	570
Lanisha	570
Mariza	570
Myisha	570
Syriah	570
Tailyn	570
Alexy	569
Alisyn	569
Analiah	569
Daliah	569
Detrick	569
Ezio	569
Jayvyn	569
Jeimy	569
Kaisha	569
Lynae	569
Naidelyn	569
Nona	569
Patty	569
Radha	569
Talynn	569
Tobie	569
Abdelrahman	568
Alainna	568
Bostyn	568
Crue	568
Damein	568
Elexa	568
Fionna	568
Jalah	568
Jerilyn	568
Keyvon	568
Kidus	568
Kimball	568
Kourtnee	568
Kyria	568
Roisin	568
Serra	568
Shanee	568
Shmiel	568
Willian	568
Adlee	567
Alleigh	567
Conway	567
Dayon	567
Hisham	567
Lark	567
Liba	567
Maylene	567
Rapheal	567
Taye	567
Zamiya	567
Abree	566
Aleck	566
Aleina	566
Alejandrina	566
Angelyna	566
Dalon	566
Kaeleb	566
Maddelyn	566
Nalah	566
Torre	566
Armondo	565
Averey	565
Coleen	565
Jina	565
Josseline	565
Kaedon	565
Leevi	565
Mayela	565
Rye	565
Zaylin	565
Abdias	564
Bay	564
Carma	564
Cesilia	564
Demir	564
Dharma	564
Dillyn	564
Emalynn	564
Estrellita	564
Kortnie	564
Maki	564
Maritsa	564
Nakya	564
Ronda	564
Roshawn	564
Ryli	564
Sharla	564
Silvio	564
Soloman	564
Tammie	564
Teana	564
Zuzanna	564
Amarri	563
Brenten	563
Citlally	563
Evana	563
Harun	563
Kaegan	563
Lunden	563
Mercades	563
Mykael	563
Sabino	563
Sharice	563
Zachry	563
Zaylie	563
Artur	562
Ashari	562
Breydon	562
Corvin	562
Delphine	562
Dusti	562
Emmalin	562
Heily	562
Marciano	562
Mesa	562
Nataliya	562
Tashia	562
Ayra	561
Bert	561
Camrynn	561
Casimir	561
Chelcie	561
Jaycion	561
Jolisa	561
Jossue	561
Luzmaria	561
Trevonte	561
Angelea	560
Carroll	560
Kalleigh	560
Karmin	560
Karra	560
Kathie	560
Meliah	560
Shrey	560
Yalitza	560
Aarion	559
Addelynn	559
Amayrani	559
Chayanne	559
Erion	559
Glenna	559
Ilyssa	559
Jenika	559
Kasidy	559
Kourtnie	559
Lisseth	559
Lovina	559
Lyndee	559
Nyles	559
Torren	559
Kaliana	558
Sedric	558
Tavarus	558
Zachory	558
Amiel	557
Barrington	557
Brynnley	557
Deona	557
Derreck	557
Garner	557
Harman	557
Jaccob	557
Jamarri	557
Jenell	557
Keionna	557
Leonie	557
Navi	557
Quetzalli	557
Raneem	557
Shantia	557
Teressa	557
Twila	557
Tywon	557
Ailee	556
Amaru	556
Deeanna	556
Gissele	556
Jaedan	556
Marycatherine	556
Robel	556
Sian	556
Sixto	556
Aashi	555
Advaith	555
Alias	555
Arrington	555
Britten	555
Coulter	555
Graden	555
Joab	555
Kobey	555
Lucious	555
Miki	555
Ned	555
Nosson	555
November	555
Rabia	555
Reuven	555
Ashanty	554
Chelse	554
Dariela	554
Jeter	554
Karalynn	554
Navin	554
Parsa	554
Aahil	553
Berenise	553
Candi	553
Chardonnay	553
Courtni	553
Emmagrace	553
Herschel	553
Jamani	553
Jaryd	553
Joshlynn	553
Kelani	553
Kyliee	553
Madylin	553
Natania	553
Santonio	553
Yanitza	553
Amori	552
Avant	552
Camya	552
Cyler	552
Hal	552
Maribella	552
Ora	552
Pernell	552
Raygen	552
Townes	552
Wrigley	552
Yared	552
Yuliza	552
Aaditya	551
Evonne	551
Gabryel	551
Islam	551
Kennya	551
Kersten	551
Liseth	551
Nadja	551
Richa	551
Zaara	551
Conall	550
Deseray	550
Fidencio	550
Kensi	550
Mouhamed	550
Nataley	550
Roselin	550
Shain	550
Stavros	550
Taylah	550
Topanga	550
Airiana	549
Alta	549
Benzion	549
Dacey	549
Esabella	549
Finleigh	549
Gaberiel	549
Inayah	549
Janylah	549
Juventino	549
Nneka	549
Presten	549
Ronit	549
Shellie	549
Shyam	549
Vi	549
Yarelis	549
Yeimi	549
Zaliyah	549
Cass	548
Delfina	548
Henderson	548
Izamar	548
Jquan	548
Kana	548
Kateland	548
Katrice	548
Madalynne	548
Mikai	548
Mikiah	548
Naji	548
Nathali	548
Neema	548
Oaklynn	548
Penina	548
Shaylen	548
Bellarose	547
Bionca	547
Boe	547
Breannah	547
Camri	547
Cezar	547
Daneisha	547
Diara	547
Elyanna	547
Kyera	547
Leondre	547
Mikkel	547
Mynor	547
Neila	547
Neomi	547
Perel	547
Ramzi	547
Ronen	547
Shamiah	547
Skylie	547
Trentyn	547
Vaida	547
Amisha	546
Candido	546
Corbett	546
Dmarion	546
Javonna	546
Kaylynne	546
Kirsti	546
Kortez	546
Laticia	546
Mercer	546
Nida	546
Rooney	546
Saleena	546
Tyrece	546
Carmina	545
Cyra	545
Deangela	545
Jerrel	545
Jolena	545
Kalah	545
Kayde	545
Liem	545
Madelene	545
