name	count
Smith	2442977
Johnson	1932812
Williams	1625252
Brown	1437026
Jones	1425470
Garcia	1166120
Miller	1161437
Davis	1116357
Rodriguez	1094924
Martinez	1060159
Hernandez	1043281
Lopez	874523
Gonzalez	841025
Wilson	801882
Anderson	784404
Thomas	756142
Taylor	751209
Moore	724374
Jackson	708099
Martin	702625
Lee	693023
Perez	681645
Thompson	664644
White	660491
Harris	624252
Sanchez	612752
Clark	562679
Ramirez	557423
Lewis	531781
Robinson	529821
Walker	523129
Young	484447
Allen	482607
King	465422
Wright	458980
Scott	439530
Torres	437813
Nguyen	437645
Hill	434827
Flores	433969
Green	430182
Adams	427865
Nelson	424958
Baker	419586
Hall	407076
Rivera	391114
Campbell	386157
Mitchell	384486
Carter	376966
Roberts	376774
Gomez	365655
Phillips	360802
Evans	355593
Turner	348627
Diaz	347636
Parker	336221
Cruz	334201
Edwards	332423
Collins	329770
Reyes	327904
Stewart	324957
Morris	318884
Morales	311777
Murphy	308417
Cook	302589
Rogers	302261
Gutierrez	293218
Ortiz	286899
Morgan	286280
Cooper	280791
Peterson	278297
Bailey	277845
Reed	277030
Kelly	267394
Howard	264826
Ramos	263464
Kim	262352
Cox	261231
Ward	260464
Richardson	259798
Watson	252579
Brooks	251663
Chavez	250898
Wood	250715
James	249379
Bennett	247599
Gray	246116
Mendoza	242771
Ruiz	238234
Hughes	236271
Price	235251
Alvarez	233983
Castillo	230420
Sanders	230374
Patel	229973
Myers	229895
Long	229374
Ross	229368
Foster	227764
Jimenez	227118
Powell	224874
Jenkins	222653
Perry	221741
Russell	221558
Sullivan	220990
Bell	220599
Coleman	219070
Butler	218847
Henderson	218393
Barnes	218241
Gonzales	214758
Fisher	214703
Vasquez	212781
Simmons	210182
Romero	208614
Jordan	208403
Patterson	205423
Alexander	204621
Hamilton	201746
Graham	201159
Reynolds	200247
Griffin	198406
Wallace	197276
Moreno	196925
West	195818
Cole	195289
Hayes	194246
Bryant	192773
Herrera	192711
Gibson	190667
Ellis	188968
Tran	188498
Medina	188497
Aguilar	186512
Stevens	185674
Murray	184910
Ford	184832
Castro	184134
Marshall	183922
Owens	182719
Harrison	181091
Fernandez	180842
Mcdonald	180497
Woods	177425
Washington	177386
Kennedy	176865
Wells	176230
Vargas	173835
Henry	170964
Chen	169580
Freeman	169149
Webb	168878
Tucker	167446
Guzman	167044
Burns	165925
Crawford	164457
Olson	164035
Simpson	163181
Porter	163054
Hunter	162440
Gordon	161833
Mendez	161717
Silva	161633
Shaw	160400
Snyder	160262
Mason	160213
Dixon	159480
Munoz	158483
Hunt	158421
Hicks	158320
Holmes	156780
Palmer	156601
Wagner	155795
Black	154738
Robertson	153666
Boyd	153469
Rose	153397
Stone	153329
Salazar	152703
Fox	152334
Warren	152147
Mills	151942
Meyer	150895
Rice	149500
Schmidt	147034
Garza	147005
Daniels	146570
Ferguson	146426
Nichols	145584
Stephens	144646
Soto	144451
Weaver	143837
Ryan	143452
Gardner	142894
Payne	142601
Grant	142277
Dunn	141427
Kelley	140693
Spencer	139951
Hawkins	139751
Arnold	138893
Pierce	138629
Vazquez	138322
Hansen	137977
Peters	137513
Santos	137232
Hart	137184
Bradley	136720
Knight	136713
Elliott	135765
Cunningham	135718
Duncan	135187
Armstrong	135044
Hudson	134963
Carroll	134317
Lane	134227
Riley	133872
Andrews	133799
Alvarado	133501
Ray	133171
Delgado	132985
Berry	132812
Perkins	131440
Hoffman	131401
Johnston	131373
Matthews	131303
Pena	130776
Richards	130529
Contreras	130164
Willis	130152
Carpenter	129898
Lawrence	129699
Sandoval	128948
Guerrero	128677
George	128625
Chapman	127939
Rios	127794
Estrada	127470
Ortega	127256
Watkins	127083
Greene	126101
Nunez	125350
Wheeler	125058
Valdez	124995
Harper	124461
Burke	122877
Larson	122587
Santiago	122212
Maldonado	121526
Morrison	121130
Franklin	120621
Carlson	120552
Austin	119706
Dominguez	119304
Carr	119076
Lawson	119053
Jacobs	118614
Obrien	118557
Lynch	117708
Singh	116749
Vega	116673
Bishop	116618
Montgomery	115953
Oliver	115900
Jensen	115679
Harvey	115662
Williamson	114959
Gilbert	114940
Dean	114030
Sims	113374
Espinoza	112154
Howell	112041
Li	111786
Wong	111371
Reid	111360
Hanson	111144
Le	110967
Mccoy	110744
Garrett	110697
Burton	110529
Fuller	110116
Wang	109883
Weber	109433
Welch	108987
Rojas	108421
Lucas	107690
Marquez	107533
Fields	107522
Park	106696
Yang	106033
Little	105936
Banks	105833
Padilla	105365
Day	105091
Walsh	105079
Bowman	105007
Schultz	104888
Luna	104518
Fowler	104515
Mejia	104057
Davidson	103930
Acosta	103418
Brewer	103318
May	103306
Holland	102538
Juarez	101949
Newman	101931
Pearson	101836
Curtis	101801
Cortez	101694
Douglas	101458
Schneider	101290
Joseph	100959
Barrett	100104
Navarro	99807
Figueroa	98468
Keller	98268
Avila	97314
Wade	97040
Molina	96979
Stanley	96867
Hopkins	96810
Campos	96111
Barnett	95681
Bates	95622
Chambers	94988
Caldwell	93944
Beck	93786
Lambert	93678
Miranda	93628
Byrd	92904
Craig	92507
Ayala	92463
Lowe	92260
Frazier	92152
Powers	91970
Neal	91694
Leonard	91475
Gregory	91384
Carrillo	91129
Sutton	90964
Fleming	90677
Rhodes	90670
Shelton	90517
Schwartz	90071
Norris	89796
Jennings	89700
Watts	89649
Duran	89401
Walters	89376
Cohen	89091
Mcdaniel	88728
Moran	88615
Parks	88586
Steele	88230
Vaughn	88060
Becker	87859
Holt	87531
Deleon	87414
Barker	87162
Terry	87000
Hale	86618
Leon	86363
Hail	86240
Benson	86081
Haynes	85974
Horton	85195
Miles	84942
Lyons	84516
Pham	84320
Graves	84179
Bush	84018
Thornton	83967
Wolfe	83928
Warner	83781
Cabrera	83621
Mckinney	83616
Mann	83510
Zimmerman	83265
Dawson	83182
Lara	83067
Fletcher	83063
Page	82992
Mccarthy	82950
Love	82873
Robles	82458
Cervantes	82161
Solis	82146
Erickson	82085
Reeves	81978
Chang	81939
Klein	81471
Salinas	81156
Fuentes	81006
Baldwin	80742
Daniel	80526
Simon	80460
Velasquez	80364
Hardy	80252
Higgins	79803
Aguirre	79517
Lin	79508
Cummings	79316
Chandler	79186
Sharp	78990
Barber	78848
Bowen	78822
Ochoa	78677
Dennis	78482
Robbins	78381
Liu	78370
Ramsey	78350
Francis	78327
Griffith	78260
Paul	78256
Blair	78026
Oconnor	77923
Cardenas	77652
Pacheco	77642
Cross	77557
Calderon	77085
Quinn	76986
Moss	76908
Swanson	76897
Chan	76664
Rivas	76205
Khan	76171
Rodgers	76095
Serrano	75996
Fitzgerald	75356
Rosales	75185
Stevenson	75169
Christensen	75143
Manning	74949
Gill	74948
Curry	74919
Mclaughlin	74816
Harmon	74737
Mcgee	74542
Gross	74503
Doyle	74458
Garner	74324
Newton	74092
Burgess	73931
Reese	73919
Walton	73854
Blake	73797
Trujillo	73664
Adkins	73599
Brady	73145
Goodman	73136
Roman	72918
Webster	72625
Goodwin	72451
Fischer	72357
Huang	72328
Potter	72175
Delacruz	72109
Montoya	71844
Todd	71759
Wu	71721
Hines	71717
Mullins	71646
Castaneda	71368
Malone	71286
Cannon	71085
Tate	71058
Mack	71056
Sherman	70502
Hubbard	70362
Hodges	70223
Zhang	70125
Guerra	70071
Wolf	70031
Valencia	70000
Saunders	69943
Franco	69943
Rowe	69879
Gallagher	69834
Farmer	69617
Hammond	69515
Hampton	69472
Townsend	69360
Ingram	69345
Wise	68649
Gallegos	68373
Clarke	68281
Barton	68233
Schroeder	67977
Maxwell	67961
Waters	67929
Logan	67909
Camacho	67893
Strickland	67769
Norman	67704
Person	67411
Colon	67338
Parsons	67310
Frank	67304
Harrington	66959
Glover	66858
Osborne	66827
Buchanan	66648
Casey	66556
Floyd	66454
Patton	66293
Ibarra	66063
Ball	66059
Tyler	66056
Suarez	66013
Bowers	66003
Orozco	65904
Salas	65468
Cobb	65125
Gibbs	65064
Andrade	65037
Bauer	65004
Conner	64572
Moody	64429
Escobar	64403
Mcguire	64327
Lloyd	64202
Mueller	64191
Hartman	64106
French	63991
Kramer	63936
Mcbride	63899
Pope	63881
Lindsey	63760
Velazquez	63736
Norton	63722
Mccormick	63649
Sparks	63440
Flynn	63400
Yates	63254
Hogan	63085
Marsh	62304
Macias	62227
Villanueva	61883
Zamora	61729
Pratt	61671
Stokes	61639
Owen	61630
Ballard	61625
Lang	61529
Brock	61369
Villarreal	61355
Charles	61211
Drake	61162
Barrera	60998
Cain	60948
Patrick	60845
Pineda	60820
Burnett	60791
Mercado	60761
Santana	60667
Shepherd	60479
Bautista	60264
Ali	60002
Shaffer	59943
Lamb	59913
Trevino	59882
Mckenzie	59595
Hess	59486
Beil	59463
Olsen	59356
Cochran	59350
Morton	59213
Nash	58714
Wilkins	58634
Petersen	58480
Briggs	58408
Shah	58287
Roth	58278
Nicholson	58151
Holloway	58040
Lozano	57779
Rangel	57549
Flowers	57549
Hoover	57497
Short	57477
Arias	57477
Mora	57464
Valenzuela	57383
Bryan	57143
Meyers	57127
Weiss	57112
Underwood	57064
Bass	57044
Greer	57043
Summers	56953
Houston	56900
Carson	56872
Morrow	56840
Clayton	56638
Whitaker	56616
Decker	56576
Yoder	56410
Collier	56380
Zuniga	56347
Carey	56322
Wilcox	56286
Melendez	56230
Poole	56226
Roberson	56180
Larsen	55960
Conley	55917
Davenport	55895
Copeland	55850
Massey	55595
Lam	55554
Huff	55484
Rocha	55251
Cameron	55240
Jefferson	55179
Hood	55174
Monroe	55136
Anthony	55114
Pittman	55021
Huynh	54996
Randall	54764
Singleton	54621
Kirk	54394
Combs	54257
Mathis	54217
Christian	54198
Skinner	54046
Bradford	54015
Richard	53893
Galvan	53822
Wall	53794
Boone	53792
Kirby	53767
Wilkinson	53739
Bridges	53682
Bruce	53419
Atkinson	53376
Velez	53265
Meza	53230
Roy	53159
Vincent	53095
York	53059
Hodge	52920
Villa	52817
Abbott	52739
Allison	52701
Tapia	52651
Gates	52569
Chase	52481
Sosa	52457
Sweeney	52410
Farrell	52321
Wyatt	52211
Dalton	52184
Horn	52138
Barron	52070
Phelps	52044
Yu	52035
Dickerson	51889
Heath	51877
Foley	51865
Atkins	51671
Mathews	51592
Bonilla	51475
Acevedo	51351
Benitez	51288
Zavala	51153
Hensley	51081
Glenn	51043
Cisneros	50920
Harrell	50837
Shields	50832
Rubio	50788
Huffman	50786
Choi	50786
Boyer	50742
Garrison	50686
Arroyo	50614
Bond	50610
Kane	50584
Hancock	50558
Callahan	50524
Dillon	50465
Cline	50258
Wiggins	50247
Grimes	50245
Arellano	50104
Melton	50069
Oneill	50028
Savage	49914
Ho	49817
Beltran	49776
Pitts	49740
Parrish	49733
Ponce	49549
Rich	49481
Booth	49402
Koch	49395
Golden	49360
Ware	49316
Brennan	49238
Mcdowell	49217
Marks	49177
Cantu	49126
Humphrey	49056
Baxter	49033
Sawyer	49028
Clay	48844
Tanner	48813
Hutchinson	48781
Kaur	48753
Berg	48746
Wiley	48720
Gilmore	48719
Russo	48696
Villegas	48599
Hobbs	48522
Keith	48487
Wilkerson	48444
Ahmed	48319
Beard	48207
Mcclain	48165
Montes	48142
Mata	48120
Rosario	48051
Vang	48036
Walter	48024
Henson	48013
Oneal	47979
Mosley	47963
Mcclure	47742
Beasley	47693
Stephenson	47641
Snow	47528
Huerta	47455
Preston	47367
Vance	47324
Barry	47274
Johns	47246
Eaton	47184
Blackwell	47175
Dyer	47170
Prince	47168
Macdonald	46717
Solomon	46534
Guevara	46454
Stafford	46394
English	46393
Hurst	46244
Woodard	46240
Cortes	46229
Shannon	46147
Kemp	46146
Nolan	46054
Mccullough	45852
Merritt	45594
Murillo	45558
Moon	45528
Salgado	45469
Strong	45432
Kline	45390
Cordova	45305
Barajas	45153
Roach	45019
Rosas	44938
Winters	44914
Jacobson	44808
Lester	44784
Knox	44742
Bullock	44740
Kerr	44711
Leach	44581
Meadows	44500
Orr	44388
Davila	44388
Whitehead	44373
Pruitt	44365
Kent	44325
Conway	44320
Mckee	44137
Barr	44130
David	44040
Dejesus	44038
Marin	43904
Berger	43851
Mcintyre	43842
Blankenship	43830
Gaines	43821
Palacios	43798
Cuevas	43701
Bartlett	43648
Durham	43635
Dorsey	43631
Mccall	43483
Odonnell	43460
Stein	43389
Browning	43329
Stout	43305
Lowery	43278
Sloan	43261
Mclean	43260
Hendricks	43197
Calhoun	43180
Sexton	43133
Chung	43110
Gentry	43027
Hull	43018
Duarte	42983
Ellison	42827
Nielsen	42773
Gillespie	42693
Buck	42639
Middleton	42578
Sellers	42577
Leblanc	42575
Esparza	42559
Hardin	42469
Bradshaw	42465
Mcintosh	42379
Howe	42265
Livingston	42103
Frost	42015
Glass	41802
Morse	41774
Knapp	41771
Herman	41750
Stark	41735
Bravo	41700
Noble	41667
Spears	41665
Weeks	41565
Corona	41553
Frederick	41394
Buckley	41348
Mcfarland	41300
Hebert	41275
Enriquez	41271
Hickman	41163
Quintero	41158
Randolph	41129
Schaefer	41063
Walls	41025
Trejo	41021
House	41000
Reilly	40884
Pennington	40854
Michael	40736
Conrad	40707
Giles	40598
Benjamin	40590
Crosby	40563
Fitzpatrick	40449
Donovan	40410
Mays	40408
Mahoney	40397
Valentine	40395
Raymond	40275
Medrano	40261
Hahn	40250
Mcmillan	40237
Small	40212
Bentley	40193
Felix	40165
Peck	40055
Lucero	39986
Boyle	39921
Hanna	39890
Pace	39879
Rush	39802
Hurley	39796
Harding	39787
Mcconnell	39754
Bernal	39693
Nava	39670
Ayers	39623
Everett	39593
Ventura	39580
Avery	39564
Pugh	39559
Mayer	39555
Bender	39551
Shepard	39430
Mcmahon	39411
Landry	39391
Case	39319
Sampson	39277
Moses	39216
Magana	39105
Blackburn	39097
Dunlap	39063
Gould	38924
Duffy	38835
Vaughan	38830
Herring	38733
Mckay	38681
Espinosa	38667
Rivers	38662
Farley	38528
Bernard	38512
Ashley	38499
Friedman	38374
Potts	38277
Truong	38267
Costa	38265
Correa	38232
Blevins	38229
Nixon	38147
Clements	38044
Fry	38029
Delarosa	37932
Best	37923
Benton	37912
Lugo	37903
Portillo	37890
Dougherty	37884
Crane	37870
Haley	37858
Phan	37836
Villalobos	37754
Blanchard	37695
Horne	37689
Finley	37672
Quintana	37657
Lynn	37644
Esquivel	37578
Bean	37571
Dodson	37566
Mullen	37502
Xiong	37499
Hayden	37451
Cano	37368
Levy	37228
Huber	37170
Richmond	37053
Moyer	37050
Lim	37021
Frye	36973
Sheppard	36960
Mccarty	36944
Avalos	36922
Booker	36840
Waller	36805
Parra	36765
Woodward	36764
Jaramillo	36755
Krueger	36743
Rasmussen	36636
Brandt	36613
Peralta	36585
Donaldson	36558
Stuart	36540
Faulkner	36466
Maynard	36460
Galindo	36429
Coffey	36423
Estes	36318
Sanford	36312
Burch	36269
Maddox	36250
Vo	36236
Oconnell	36194
Vu	36179
Andersen	36150
Spence	36129
Mcpherson	36125
Church	36072
Schmitt	36043
Stanton	35997
Leal	35958
Cherry	35877
Compton	35830
Dudley	35781
Sierra	35770
Pollard	35749
Alfaro	35725
Hester	35642
Proctor	35636
Lu	35628
Hinton	35606
Novak	35461
Good	35446
Madden	35438
Mccann	35408
Terrell	35408
Jarvis	35350
Dickson	35312
Reyna	35291
Cantrell	35266
Mayo	35228
Branch	35225
Hendrix	35194
Rollins	35132
Rowland	35121
Whitney	35118
Duke	35053
Odom	35020
Daugherty	34987
Travis	34985
Tang	34961
Archer	34949
Haas	34918
Galloway	34909
Bray	34906
Nieves	34896
Petty	34882
Mcgrath	34871
Kaufman	34844
Holden	34824
Krause	34722
Baird	34721
Riggs	34506
Braun	34491
Werner	34488
Quinones	34468
Saldana	34434
Mercer	34431
Hatfield	34381
Mcneil	34368
Irwin	34297
Hooper	34247
Hays	34191
Joyce	34132
Mcknight	34055
Gamble	34005
Downs	33922
Pierre	33913
Haney	33898
Forbes	33813
Saenz	33787
Davies	33753
Vera	33674
Levine	33637
Mooney	33555
John	33543
Rosa	33521
Riddle	33507
Key	33501
Cho	33490
Kaiser	33480
Holder	33465
Bird	33457
Bonner	33446
Ferrell	33418
Cotton	33374
Dotson	33347
Mcgowan	33340
Barlow	33335
Shea	33329
Ewing	33314
Bright	33281
Becerra	33274
Lindsay	33255
Ritter	33252
Cooley	33231
Fritz	33224
Cooke	33223
Delaney	33218
Amaya	33218
Chaney	33201
Kidd	33186
Velasco	33078
Ngo	33005
Cheng	32982
Newell	32909
Frey	32904
Carney	32897
Barrios	32873
Bolton	32815
Holman	32788
Tovar	32760
Cardona	32727
Dailey	32719
Merrill	32620
Cowan	32586
Slater	32584
Albert	32507
Justice	32480
Osborn	32439
Carver	32415
Lancaster	32362
Goff	32298
Zapata	32274
Fulton	32258
Kang	32221
Sears	32206
Lehman	32180
Byers	32174
Snider	32148
Law	32122
Tan	32120
Lake	32104
Lutz	32050
Costello	32043
Gay	32025
Guthrie	31956
Gallardo	31909
Workman	31856
Mcfadden	31839
Blanco	31800
Gorman	31788
Katz	31780
Kuhn	31776
Noel	31768
Valle	31716
Marino	31687
Hong	31670
Springer	31643
Pickett	31611
Aguilera	31581
Witt	31575
Carrasco	31575
Donahue	31563
Kinney	31558
Donnelly	31505
Britt	31474
Craft	31452
Odell	31349
Daly	31330
Winter	31310
Abraham	31303
Baez	31298
Rodrigues	31280
Wooten	31249
Hartley	31221
Ng	31210
Kendall	31209
Cleveland	31123
Crowley	31098
Pearce	31060
Dillard	31021
Wilder	31018
Lange	30984
Shoemaker	30934
Flanagan	30887
Bruno	30883
Segura	30880
Beach	30867
Castellanos	30859
Tillman	30825
Alford	30771
Finch	30769
Mcleod	30769
Mackey	30749
Dodd	30732
Emerson	30702
Minor	30702
Muniz	30695
Alston	30693
Maloney	30671
Childers	30570
Mcdermott	30528
Moser	30483
Vogel	30470
Mccabe	30401
Dang	30389
Alonso	30389
Saucedo	30374
Starr	30363
Do	30301
Hurtado	30286
Kirkland	30283
Hendrickson	30259
Holley	30231
Cordero	30158
Franks	30155
Guillen	30153
Welsh	30153
Ratliff	30083
Sweet	30051
Talley	30014
Whitfield	29962
Crowe	29953
Goldstein	29938
England	29926
Pereira	29898
Ly	29891
Joyner	29884
Richter	29880
Farris	29877
Tracy	29867
Bacon	29860
Han	29847
Gibbons	29824
Mayfield	29805
Hoang	29798
Elder	29796
Lau	29792
Dale	29757
Camp	29753
Connolly	29710
Hewitt	29694
Cramer	29691
Goldberg	29603
Morin	29593
Sutherland	29585
Kaplan	29582
Mcallister	29544
Byrne	29503
Osorio	29482
Cash	29476
Haines	29462
Meeks	29457
Wynn	29417
Gilliam	29414
Vigil	29382
Hickey	29350
Connor	29346
Pate	29327
Zepeda	29252
Hatcher	29235
Escobedo	29185
Arredondo	29173
Hyde	29094
Christopher	29067
Mobley	29065
Kessler	29064
Britton	29040
Ritchie	29040
Romano	29018
Oneil	28949
Tyson	28947
Bui	28919
Hilton	28918
Caballero	28903
Downing	28880
Sharpe	28879
Guy	28852
Holcomb	28852
Rankin	28821
Godfrey	28734
Chamberlain	28727
Fink	28701
Hollis	28617
Foreman	28605
Carranza	28581
Sharma	28559
Kern	28547
Chu	28508
Knowles	28460
Ma	28452
Madison	28411
Childs	28359
Belcher	28321
Wills	28219
Womack	28201
Dye	28182
Arthur	28102
Grace	28098
Baca	28082
Rutherford	28079
Sorensen	28069
Mccray	28024
Hastings	28015
Pierson	27983
Chacon	27982
Renteria	27976
Mohamed	27972
Nicholas	27922
Kendrick	27915
Ferreira	27898
Lockhart	27883
Boggs	27880
Pryor	27805
Doherty	27787
Sargent	27786
Kenney	27759
Tuttle	27751
Denton	27742
Magee	27720
Jamison	27697
Lyon	27690
Locke	27643
Puckett	27627
Coronado	27626
Olvera	27551
Sykes	27546
Manuel	27529
Burks	27523
Chin	27487
Quiroz	27452
Hopper	27353
Mcgill	27330
Dolan	27329
Mckenna	27293
Head	27292
Montano	27276
Paredes	27274
Delatorre	27265
Langley	27252
Sinclair	27243
Dwyer	27240
Shirley	27224
Muller	27216
Courtney	27205
Slaughter	27155
Polk	27094
Lemus	27079
Covington	27068
Madrigal	27033
Clemons	27022
Rosado	26998
Broussard	26971
Mcginnis	26953
Hatch	26903
Sheehan	26902
Rutledge	26887
Corbin	26876
Dempsey	26863
Garland	26779
Carmona	26774
Bowling	26762
Burris	26760
Whitley	26732
Hamm	26726
Bland	26722
Bermudez	26691
Stinson	26681
Pike	26655
Orellana	26651
Downey	26627
Varela	26621
Harden	26617
Couch	26615
Dickinson	26607
Cassidy	26590
Rucker	26581
Gabriel	26578
Herron	26559
Mcnamara	26534
Rouse	26519
Burt	26475
Battle	26432
Gustafson	26421
Herbert	26417
Dunbar	26405
Webber	26405
Boyce	26376
Dewitt	26348
Rosenberg	26307
Simms	26287
Woodruff	26286
Brandon	26284
Romo	26283
Hutchins	26251
Kirkpatrick	26251
Corbett	26246
Granados	26187
Rossi	26183
Goss	26179
Lott	26174
Leyva	26153
Hinojosa	26146
Gil	26112
Crabtree	26104
Grady	26103
Mcclellan	26060
Kumar	25986
Fraser	25961
Rico	25954
Bingham	25941
Soriano	25916
Sterling	25894
Fonseca	25863
Madrid	25854
Emery	25839
Singer	25828
Aragon	25801
Aquino	25783
Elmore	25774
Worley	25758
Simons	25755
Quezada	25752
Ott	25738
Ocampo	25720
Aviles	25716
Nieto	25701
Ervin	25698
Gore	25648
Shafer	25641
Weston	25637
Xu	25622
Plummer	25596
Michel	25578
Paz	25574
Yanez	25563
Gregg	25554
Abrams	25534
Smart	25528
Beatty	25510
Serna	25503
Meier	25486
Robison	25450
Swartz	25444
Seymour	25436
Gleason	25416
Vela	25414
Padgett	25413
Ackerman	25401
Heller	25373
Ziegler	25351
Vinson	25341
Eldridge	25299
Pina	25293
Schumacher	25292
Akers	25290
Roe	25286
Tomlinson	25274
Mayes	25256
Zheng	25242
Albright	25189
Burgos	25169
Swain	25157
Manley	25136
Helton	25118
Song	25110
Quick	25091
Leslie	25078
Stern	25074
Givens	25067
Tipton	25064
Coffman	24980
Greenwood	24971
Curran	24969
Childress	24937
Fish	24924
Elkins	24902
Daley	24901
Lowry	24895
Angel	24895
Solano	24881
Duong	24870
Edmonds	24857
Gomes	24827
Buckner	24822
Walden	24821
Hutchison	24820
Griggs	24819
Nix	24786
Clifton	24758
Thomson	24750
Yarbrough	24749
Mccauley	24743
Elias	24696
Jacob	24688
Meredith	24679
Mcelroy	24668
Groves	24629
Uribe	24612
Hoskins	24581
Bowden	24560
Tatum	24558
Schafer	24543
Field	24543
Bustamante	24536
Stover	24526
Teague	24514
Gunter	24513
Burrell	24504
Funk	24419
Crowder	24396
Schulz	24385
Sanderson	24384
Canales	24384
Tolbert	24375
Lund	24347
Blue	24341
Kay	24337
Draper	24337
Shapiro	24335
Whalen	24262
Navarrete	24259
Gamez	24256
Swift	24249
Inman	24222
Crews	24219
Kurtz	24216
Stroud	24211
Blanton	24154
Reece	24145
Liang	24140
Francisco	24095
Crow	24089
Bloom	24081
Sun	24058
Tompkins	24056
Jung	24026
Nance	24018
Anaya	24017
Mckinley	24000
Olivares	23982
Newsome	23958
Thurman	23950
Helms	23949
Metcalf	23946
Goldman	23940
Schmitz	23931
Crouch	23923
Mcmanus	23909
Arevalo	23895
Horner	23881
Conklin	23846
Holbrook	23843
Neely	23843
Hollingsworth	23831
Clement	23830
Devine	23775
Crockett	23769
Benavides	23761
Bullard	23755
Louis	23738
Steiner	23735
Coates	23725
Drew	23722
Bowles	23713
Payton	23670
Chappell	23634
Amos	23621
Hagen	23616
Phipps	23610
Self	23595
Larkin	23578
Poe	23563
Pritchard	23549
Masters	23533
Gunn	23524
Jeffries	23510
Dooley	23481
Pagan	23474
Mcghee	23461
Post	23458
Montalvo	23454
Zhou	23437
Prado	23436
Heard	23408
Lord	23405
Thao	23404
Connelly	23398
Driscoll	23385
Dubois	23366
Feldman	23356
Coker	23348
Dickey	23320
Pollock	23310
Kimball	23293
Rainey	23291
Ivey	23263
Gee	23241
Butts	23227
Maher	23222
Jewell	23187
Barragan	23176
Machado	23170
Rubin	23165
Reynoso	23143
Wesley	23135
Hidalgo	23134
Cabral	23128
Samuel	23125
Lacy	23110
Gallo	23056
Egan	23048
Aldridge	23034
Swenson	23009
Swan	23001
Stratton	22983
Hinkle	22983
Butcher	22978
Ornelas	22969
Forrest	22954
Colbert	22940
Aleman	22927
Rodriquez	22892
Arrington	22840
Goins	22837
Whaley	22833
Esposito	22789
Neff	22764
Mead	22727
Casillas	22710
Lilly	22662
Biggs	22641
Yeager	22634
Godwin	22628
Sprague	22610
Rosen	22596
Quintanilla	22581
Otto	22558
Billings	22553
Connell	22552
Temple	22549
Boswell	22540
Colvin	22499
Koenig	22499
Erwin	22496
Tellez	22494
Norwood	22461
Milligan	22416
Ames	22385
Purcell	22383
Ludwig	22380
Souza	22373
Huggins	22371
Amador	22370
Dunham	22362
Goode	22356
Kauffman	22353
Piper	22329
Oleary	22329
Cuellar	22324
Steward	22318
Winn	22316
Gary	22310
Zhao	22301
Sewell	22294
Browne	22289
Ramey	22287
Davison	22276
Clifford	22245
Stahl	22211
Ybarra	22211
Samuels	22207
Dukes	22187
Sheridan	22177
Snell	22177
Vickers	22176
Cartwright	22156
Link	22137
Blackmon	22130
Bunch	22117
Grimm	22103
Meade	22091
Silver	22052
Ojeda	22045
Geiger	22039
Dodge	22035
Kraft	22035
Lujan	22021
Babcock	22016
Hand	22006
Winkler	21993
Painter	21969
Regan	21951
Bragg	21934
Engel	21933
Valadez	21859
Carbajal	21838
Redmond	21834
Jarrett	21821
Bolden	21819
Wolff	21815
Thorpe	21813
Hassan	21801
Hadley	21771
Healy	21751
Mcdonough	21739
Shin	21735
Grove	21732
Block	21717
Peacock	21712
Ohara	21710
Hammer	21709
Feliciano	21667
Winston	21667
Betancourt	21663
Beaver	21640
Godinez	21640
Kilgore	21627
Mcgraw	21614
Dahl	21598
Diamond	21586
Pimentel	21579
Cornell	21558
Arreola	21540
Siegel	21536
Hankins	21532
Raines	21518
Thacker	21512
Sadler	21504
Sotelo	21455
Dugan	21455
Cote	21446
Bower	21445
Miner	21439
Brantley	21395
Sheets	21384
Sherwood	21384
Pinto	21366
Doss	21366
Stiles	21357
Willard	21352
Waddell	21301
Stanford	21295
Latham	21277
Zhu	21265
Irvin	21263
Matos	21258
Gagnon	21208
Carlton	21202
Tidwell	21176
Lovell	21171
Hoyt	21169
Spivey	21161
Jean	21140
Land	21116
Patino	21113
Marrero	21109
Hager	21106
Hurt	21037
Ash	21030
Hagan	21017
Brito	21007
Lanier	20997
Zarate	20992
Major	20977
Escamilla	20958
Otero	20937
Henley	20934
Dick	20923
Voss	20911
Greenberg	20897
Finn	20852
Venegas	20851
Mcneal	20778
Metzger	20771
Coulter	20757
Beal	20752
Crump	20737
Jorgensen	20731
Maurer	20707
Kearney	20706
Cummins	20705
Ferris	20703
Milton	20703
Timmons	20671
Palma	20636
Escalante	20626
Cahill	20623
Schaffer	20614
Guidry	20600
Yee	20591
Kruse	20584
Mcmullen	20545
Hurd	20540
Castle	20534
Valdes	20527
Mcwilliams	20523
Leung	20496
Holliday	20491
Houser	20484
Bassett	20482
Thomason	20478
Sapp	20448
Tripp	20434
Galvez	20425
Eubanks	20424
Hilliard	20377
Crocker	20370
Caruso	20367
Alonzo	20367
Barnard	20366
Deal	20366
Metz	20366
Carlisle	20365
Hargrove	20360
Keenan	20353
North	20343
Dasilva	20338
Ledesma	20311
Messer	20306
Westbrook	20284
Root	20284
Hackett	20278
Posey	20263
Fountain	20193
Cornelius	20160
Benoit	20160
Barnhart	20157
Rendon	20143
Hannah	20138
Pedersen	20135
Stubbs	20134
Starks	20130
Sizemore	20116
Epps	20112
Olivas	20106
Bergeron	20073
Roper	20065
Hightower	20065
Paige	20063
Urban	20058
Boucher	20050
Fontenot	20035
Washburn	20030
Farr	20011
Melvin	20008
Cullen	20000
Hu	19999
Mccollum	19990
Betts	19983
Coyle	19931
Trotter	19927
Wilhelm	19913
Blount	19878
Murdock	19873
Street	19866
Lockwood	19865
Hinson	19857
Rudolph	19854
Waiters	19853
Sepulveda	19851
Duvall	19844
Smiley	19829
Casas	19777
Doan	19760
Mcqueen	19760
Langston	19742
Sheffield	19738
Tackett	19737
Locklear	19716
Linares	19688
Polanco	19688
Marroquin	19661
Connors	19637
Trent	19630
Carmichael	19628
Toth	19606
Rushing	19604
Cody	19600
Gamboa	19577
Brewster	19564
Shipley	19563
Mena	19522
Prieto	19520
Gifford	19514
Oliva	19513
Layton	19504
Gaston	19502
Goodrich	19487
Prater	19484
Burger	19480
Toledo	19474
Lovett	19471
Gipson	19470
Arce	19464
Wiseman	19439
Dobson	19419
Ledbetter	19417
Arteaga	19410
Penn	19409
Jiang	19409
Whitman	19399
Burkett	19369
Koehler	19368
Christiansen	19340
Sheldon	19339
Pritchett	19334
Paulson	19331
Eddy	19321
Rock	19313
Roland	19311
Aranda	19298
Mccracken	19287
Hyatt	19280
Hanley	19240
Arriaga	19236
Engle	19226
Story	19218
Valentin	19211
Yost	19210
Langford	19208
Herndon	19183
Napier	19182
Lai	19157
Reeder	19155
Mcneill	19152
Levin	19144
Landers	19144
Mims	19139
Brand	19135
Delossantos	19131
Vallejo	19117
Lima	19109
Cronin	19078
Muhammad	19076
Fitch	19060
Gupta	19057
Oliveira	19055
Mccain	19032
Medeiros	19031
Kraus	19028
Stacy	19010
Pettit	19004
Bateman	19001
Pulido	18942
Roche	18940
Tobin	18932
Zaragoza	18908
Isaac	18903
Spaulding	18902
Keys	18899
Sylvester	18896
Nowak	18891
Weir	18881
Darling	18879
Barrientos	18877
Ogden	18860
Mcclendon	18857
Araujo	18856
Sumner	18838
Saavedra	18834
Gillis	18834
Landis	18826
Caudill	18822
Jacobsen	18820
Overton	18820
Diehl	18815
Alarcon	18805
Hedrick	18804
Toney	18787
Cheung	18765
Darby	18757
Thorne	18738
Mansfield	18725
Kyle	18721
Dietz	18720
Smallwood	18717
Adair	18708
Gold	18698
Laird	18696
Lacey	18691
Christie	18681
Pack	18678
Vidal	18677
Kiser	18674
Peoples	18672
Waite	18664
Beyer	18641
Desai	18638
Banuelos	18636
Spangler	18622
Mondragon	18620
Fair	18609
Rizzo	18605
Sands	18584
Queen	18557
Ledford	18532
Allred	18526
Bledsoe	18510
Rhoades	18508
Ricks	18506
Spicer	18501
Ordonez	18498
Chavarria	18492
Bryson	18486
Hutton	18479
Dobbs	18476
Lay	18468
Abel	18464
Keen	18459
Woody	18434
Luke	18425
Mchugh	18422
Negron	18413
Cope	18410
Triplett	18408
Hathaway	18401
Salcedo	18387
Presley	18384
Ernst	18361
Haywood	18360
Putnam	18340
Najera	18340
Stapleton	18332
Batista	18323
Wilkes	18314
Lopes	18310
Richey	18296
Oh	18285
Keyes	18252
Dill	18215
Humphries	18201
Youngblood	18197
Capps	18194
Cates	18190
Covarrubias	18189
Addison	18169
Ha	18156
Mcrae	18156
Cao	18138
Dickens	18123
Judd	18110
Barbosa	18106
Hawley	18100
Rahman	18097
Crenshaw	18096
Lackey	18082
Varner	18081
Staley	18080
Kowalski	18077
Kincaid	18075
Moya	18071
Vogt	18061
Kimble	18040
Barraza	18030
Hay	18029
Platt	18022
Fernandes	18018
Abreu	17998
Doty	17965
Crum	17944
Yi	17934
Corley	17931
Flaherty	17926
Drummond	17922
Bernstein	17916
Darnell	17915
Hwang	17900
Fong	17889
Mccord	17875
Akins	17868
Bergman	17846
Delong	17844
Moreland	17832
Lorenzo	17825
Longoria	17818
Pelletier	17808
Sneed	17804
Skaggs	17778
Alcala	17758
Munson	17745
Eason	17714
Keene	17711
Paris	17707
Shearer	17707
Cerda	17703
Lo	17687
Marcus	17671
Crain	17650
Cagle	17647
Bauman	17641
Friend	17635
Crespo	17629
Calvert	17619
Corcoran	17607
Cornejo	17591
Omalley	17588
Albrecht	17581
Mallory	17578
Cavanaugh	17577
Jaimes	17573
Culver	17566
Hope	17562
Begay	17553
Argueta	17540
Granger	17539
Grover	17534
Michaels	17528
Champion	17527
Whittington	17517
Aldrich	17509
Heredia	17506
Denny	17503
Fagan	17501
Waldron	17501
Oakes	17499
Hanks	17498
Grossman	17484
Neumann	17484
Ashby	17482
Vernon	17480
Crowell	17467
Blum	17458
Jeffers	17455
Mccormack	17449
Mai	17445
Dumas	17442
Kenny	17429
Ceja	17423
Okeefe	17414
Shultz	17395
Cormier	17377
Bain	17371
Madsen	17364
Cavazos	17361
Burrows	17355
Busch	17354
Burroughs	17336
Schuster	17325
Bagley	17324
Montero	17314
Stringer	17300
Whitt	17293
Stallings	17269
Eckert	17269
Mcgovern	17257
Boykin	17255
Saldivar	17250
Woodson	17242
Oakley	17238
Currie	17234
Whittaker	17234
Huddleston	17231
Hoff	17223
Staples	17217
Mireles	17186
Mohr	17180
Ambrose	17178
Bellamy	17167
Mclain	17152
Greco	17150
Zimmer	17146
Moseley	17130
Quigley	17121
Atwood	17112
Brunson	17099
Coon	17097
Mott	17092
Zambrano	17092
Dinh	17081
Hirsch	17072
Keating	17060
Chow	17059
Dutton	17057
Ferrer	17057
Flood	17053
Hooks	17053
Read	17048
Hobson	17043
Bustos	17040
Benedict	17036
Vandyke	17030
Troyer	16981
Ham	16980
Prescott	16975
Shaver	16972
Hoffmann	16966
Lunsford	16962
Grayson	16946
Finney	16939
Bueno	16936
Cottrell	16930
Whitlock	16927
Bello	16915
Frias	16911
Knutson	16910
Hussain	16909
Hsu	16907
Comer	16893
Hawk	16884
Hamlin	16871
Ransom	16871
Schwab	16870
Gauthier	16852
Haskins	16842
Stovall	16827
Rooney	16823
Coe	16819
Corral	16808
Barrow	16801
Torrez	16795
Dupree	16794
Eastman	16791
Crandall	16781
Nunn	16769
Light	16769
Almeida	16760
Hawthorne	16758
Pendleton	16751
Naylor	16745
Gerber	16732
Schrader	16727
Burnette	16717
Maguire	16713
Doran	16704
Calloway	16689
Bartley	16689
Kohler	16686
Purvis	16686
Acuna	16683
Ulrich	16668
Chau	16667
German	16661
Schulte	16658
Conroy	16651
Hooker	16646
Thayer	16625
Gage	16614
Nevarez	16607
Jansen	16596
Alaniz	16596
Mcnair	16595
Honeycutt	16587
Baer	16587
Rosenthal	16583
Pickens	16577
Balderas	16576
Giordano	16569
Pappas	16559
Henning	16557
Malloy	16546
Schilling	16546
Duff	16536
Carrera	16533
Burkhart	16526
Adamson	16515
Arnett	16499
Reagan	16491
Anguiano	16479
Lincoln	16477
Tamayo	16474
Perdue	16464
Easley	16459
Hogue	16457
Orourke	16457
Rincon	16455
Abernathy	16450
Altman	16448
Huston	16435
Foote	16425
Ennis	16419
Whiting	16418
Chadwick	16415
Adler	16412
Barney	16404
Ontiveros	16382
Ring	16381
Rider	16352
Joiner	16349
Goldsmith	16346
Baum	16334
Ruffin	16324
Laughlin	16323
Rader	16320
Baron	16308
Trimble	16306
Hare	16304
Russ	16300
Ahmad	16291
Parr	16286
Montanez	16281
Aaron	16276
Clinton	16263
Woodall	16260
Marcum	16246
Dowling	16238
Stoner	16204
Mattson	16203
Means	16203
London	16195
Adame	16193
Bynum	16166
Farias	16153
Brannon	16136
Cazares	16134
Brenner	16114
Ladd	16112
Willoughby	16111
Kinsey	16102
Dozier	16091
Hairston	16090
Holguin	16090
Shook	16070
Faust	16066
Deluca	16066
Lyles	16062
Dias	16044
Felton	16044
Mcnally	16039
Schreiber	16034
Earl	16027
Berman	16025
Schaeffer	16024
Cheek	16020
Fenton	16017
Sams	16014
Saylor	16010
Robledo	16001
Espino	15997
Hauser	15981
Cleary	15980
Nugent	15977
Boudreaux	15976
Nickerson	15970
Sorenson	15962
Rowell	15952
Coats	15943
Yoon	15936
Mast	15932
Espinal	15924
Ibrahim	15915
Dietrich	15904
Bruner	15898
Valdivia	15895
Jernigan	15889
Schwarz	15884
Gale	15866
Chapa	15865
Prather	15860
Seals	15858
Wetzel	15849
Mock	15847
Parham	15846
Stjohn	15843
Hutson	15835
Aponte	15828
Jolly	15827
Stauffer	15821
Goodson	15820
Boston	15814
Scruggs	15808
Stoltzfus	15786
Giron	15786
Mccloud	15783
Titus	15780
Burnham	15775
Grubbs	15773
Redding	15767
Tilley	15758
Royal	15755
Busby	15754
Hillman	15738
Cornett	15733
Burr	15703
Luu	15702
Mosher	15672
Coley	15671
Hayward	15665
Naranjo	15658
Henriquez	15657
Skelton	15624
Cutler	15621
Vergara	15618
Mcgregor	15614
Kerns	15614
Goddard	15599
Lombardo	15598
Brunner	15593
Rowley	15588
Shipman	15581
Corey	15569
Craven	15567
Talbot	15562
Anders	15554
Reaves	15550
Hough	15549
Iverson	15539
Monahan	15533
Beavers	15531
Julian	15520
Ceballos	15515
Leary	15505
Burk	15500
Borden	15500
Nagy	15497
Chatman	15473
Dow	15472
Carlos	15462
Antonio	15461
Mckinnon	15450
Tabor	15445
Tinsley	15442
Driver	15442
Dawkins	15431
Sauer	15430
Elizondo	15419
Vann	15416
Wray	15405
Trinh	15392
Ruff	15383
Sousa	15377
Mahan	15375
Leone	15364
He	15363
Bartholomew	15339
Hinds	15337
Call	15324
Dowell	15320
Kellogg	15317
Horvath	15302
Whitmore	15296
Bianco	15278
Jack	15256
Pantoja	15249
Negrete	15245
Hearn	15234
Thurston	15234
Watt	15211
Roque	15203
Pyle	15180
Kitchen	15170
Guillory	15161
Chong	15146
Lemon	15140
Kearns	15136
Mohammed	15132
Purdy	15126
Lentz	15126
Falcon	15125
Flint	15123
Delgadillo	15123
Wagoner	15118
Fajardo	15100
Briones	15098
Conn	15089
Her	15089
Armenta	15078
Dobbins	15076
Chester	15066
Banda	15055
Urbina	15055
Mattingly	15050
Beckman	15045
Solorzano	15045
Ruth	15012
Starkey	15004
Lind	14990
Waggoner	14983
Gannon	14981
Meek	14970
Puente	14966
Bail	14957
Isaacs	14951
Brower	14950
Yazzie	14949
Strange	14948
Boles	14946
Mares	14931
Wilburn	14928
Malik	14925
Priest	14915
Michaud	14910
Tejada	14903
Irving	14896
Farrar	14892
Power	14890
Gentile	14873
Dent	14873
Douglass	14862
Lundy	14850
Fay	14849
Beebe	14847
Chavis	14844
Rea	14819
Griffiths	14805
Ireland	14800
Marion	14777
Lira	14758
Schuler	14745
Unger	14738
Mojica	14737
Rudd	14732
Demarco	14731
Hummel	14715
Almanza	14708
Merchant	14692
Monroy	14673
Grubb	14673
Harman	14658
Durbin	14650
Gaytan	14647
Baumann	14644
Salter	14641
Silverman	14636
Meehan	14630
Dennison	14629
Knott	14622
Perales	14593
Francois	14593
Mulligan	14590
Stclair	14590
Bliss	14588
Wakefield	14587
Kahn	14584
Barth	14579
Parnell	14560
Dove	14560
Noriega	14559
Cloud	14555
Stearns	14554
Nagel	14545
Weldon	14538
Handy	14537
Lorenz	14528
Crook	14526
Loomis	14518
Laws	14511
Salmon	14511
Centeno	14510
Roark	14509
Hostetler	14505
Herrington	14498
Higginbotham	14489
Carnes	14487
Tobias	14482
Soria	14477
Limon	14472
Diggs	14467
Parish	14466
Luong	14464
Resendiz	14457
Kelsey	14456
Echols	14456
Worthington	14452
Barbour	14451
Coles	14449
Fournier	14449
Starnes	14442
Randle	14437
Reardon	14435
Coughlin	14434
Vick	14421
Jacques	14417
Heim	14414
Staton	14413
Garay	14393
Lawler	14387
Bowser	14383
Harms	14377
Fierro	14371
Pederson	14370
Collazo	14369
Mcmahan	14368
Hershberger	14357
Linton	14354
Ogle	14354
Mehta	14342
Mayberry	14326
Barger	14324
Alley	14323
Oswald	14322
Stoddard	14317
Mcdonnell	14309
Shelley	14300
Newcomb	14292
Blackman	14278
Augustine	14268
Mark	14265
Creech	14264
Stump	14257
Chance	14256
Tejeda	14240
Clemens	14231
Baughman	14230
Ryder	14228
Lombardi	14227
Weiner	14208
Mota	14182
Villasenor	14180
Breen	14170
Gant	14167
Kong	14165
Way	14157
Kaminski	14152
Vanhorn	14151
Lockett	14140
Elam	14138
Maier	14135
Gruber	14131
Angeles	14128
Trahan	14114
Irizarry	14114
Rapp	14107
Foss	14094
Mcclelland	14092
Kilpatrick	14087
Daigle	14084
Burdick	14081
Weathers	14073
Gavin	14061
Winslow	14056
Whitten	14054
Deaton	14052
Seay	14046
Squires	14045
Estep	14037
Arndt	14031
Satterfield	14023
Early	14014
Moua	14013
Heck	13995
Fairchild	13993
Rowan	13993
Ouellette	13984
Beam	13972
High	13961
Sebastian	13934
Donohue	13919
Moeller	13915
Luther	13906
Lofton	13900
Kruger	13898
Myles	13898
Humphreys	13895
Renner	13889
Alves	13882
Forrester	13878
Coy	13875
Dykes	13874
Branham	13872
Grier	13868
Pfeiffer	13851
Whipple	13850
Thibodeaux	13850
Strauss	13840
Braswell	13838
Heaton	13834
Linder	13830
Hills	13829
Hamby	13823
Callaway	13819
Ellsworth	13813
Mathew	13808
Lovelace	13787
Valles	13777
Weller	13774
Upton	13769
Andrew	13764
Estrella	13758
Tharp	13757
Parrott	13753
Christy	13750
Singletary	13749
Mateo	13746
Gunderson	13742
Coburn	13741
Minton	13737
Duenas	13736
Mackenzie	13733
Briscoe	13728
Lawton	13713
Sarmiento	13710
Brinkley	13695
Keener	13687
Askew	13683
Storey	13669
Ferrara	13669
Chastain	13655
Harp	13646
Manzo	13635
Sherrill	13631
Medley	13630
Hacker	13625
Bonds	13620
Pruett	13618
Mccartney	13615
Hitchcock	13608
Tierney	13608
Braden	13603
Devries	13600
Crouse	13598
Dowd	13590
Suggs	13585
Pickering	13582
Adam	13574
Cheney	13573
Mesa	13566
Yancey	13566
Morrissey	13564
Weinstein	13563
Jarrell	13562
Rector	13559
Loyd	13547
Solorio	13537
Garvin	13536
Jaime	13532
Stamper	13528
Ivy	13524
Edmondson	13524
Pool	13505
Bearden	13499
Roldan	13498
Hemphill	13495
Emmons	13493
Mcnulty	13483
Newberry	13482
Valerio	13482
Trinidad	13474
Dowdy	13468
Guajardo	13438
Hook	13437
Aparicio	13437
Scherer	13421
Darden	13414
Joy	13413
Tirado	13410
Robb	13402
Templeton	13396
Rinehart	13392
Goetz	13390
Rhoads	13389
Bock	13382
Slack	13377
Carrier	13377
William	13373
Asher	13371
Shell	13369
Layne	13367
Gilliland	13351
Alba	13347
Shank	13343
Traylor	13341
Holm	13341
Tam	13327
Bales	13326
Bourgeois	13325
Carrington	13320
Jasso	13318
Ko	13312
Stockton	13306
Graf	13301
Noonan	13286
Spear	13284
Pressley	13281
Felder	13257
Jameson	13255
Wahl	13253
Archuleta	13248
Nesbitt	13248
Seaman	13237
Myrick	13236
Kwon	13235
Byler	13230
Herrmann	13226
Yoo	13225
Vitale	13220
Loera	13218
Parson	13209
Marlow	13205
Jeter	13198
Tong	13196
Lyle	13192
Scales	13190
Segovia	13182
Burleson	13176
Chiu	13174
Witherspoon	13171
Barfield	13165
Fabian	13161
Bouchard	13154
Chun	13141
Markham	13137
Zeigler	13135
Ulloa	13133
Leavitt	13133
Ely	13130
Martino	13128
Lance	13122
Dubose	13120
Redd	13119
Pringle	13115
Padron	13114
Damico	13109
Condon	13109
Wiles	13105
Garibay	13088
Culp	13081
Santillan	13081
Westfall	13079
Willey	13067
Lassiter	13066
Willett	13065
Graff	13058
Bachman	13057
Barkley	13051
Blank	13050
Croft	13047
Baltazar	13045
Salisbury	13038
Easter	13036
Burden	13028
Redman	13028
Salvador	13021
Schell	13016
Devlin	13014
Woo	13003
Steen	12989
Leggett	12977
Girard	12975
Su	12973
Gann	12972
Lytle	12970
Nobles	12965
Bolin	12962
Fuchs	12958
Radford	12956
Foy	12952
Epstein	12952
Lipscomb	12948
Carreon	12941
Pease	12937
Regalado	12931
Oldham	12928
Belanger	12922
Alcantar	12919
Looney	12910
Kenyon	12891
Reich	12891
Epperson	12884
Aguayo	12876
Beaty	12869
Ricketts	12862
Cheatham	12852
Lusk	12847
Mabry	12846
Millard	12843
Shen	12839
Thrasher	12836
Danielson	12833
Ebert	12830
Tubbs	12828
Gilchrist	12825
Cardoza	12824
Andres	12821
Willingham	12818
Ragland	12816
Aiken	12812
Caron	12810
Snodgrass	12806
Gaffney	12805
Babb	12794
Denney	12792
Schofield	12790
Jauregui	12783
Main	12776
Tavares	12766
Barone	12758
Trout	12758
Rees	12754
Pedraza	12748
Crisp	12741
Gillette	12724
Stock	12722
Baggett	12717
Messina	12717
Killian	12717
Angulo	12714
Amato	12713
Wendt	12712
Parris	12710
Hammonds	12710
Steinberg	12709
Breaux	12705
East	12684
Mcarthur	12683
Grey	12680
Wisniewski	12675
Pan	12664
Guardado	12656
Benavidez	12648
Garber	12640
Lazo	12640
Lerma	12639
Alcantara	12636
Houck	12634
Seitz	12630
Schubert	12629
Munguia	12615
Reddy	12614
Huntley	12614
Wing	12614
Adcock	12599
Slade	12599
Matlock	12599
Longo	12594
Orlando	12586
Hein	12586
Trammell	12582
Guinn	12577
Will	12575
Muse	12571
Clancy	12556
Caraballo	12546
Baugh	12543
Crawley	12523
Wheatley	12520
Linn	12508
Shockley	12504
Chisholm	12503
Dong	12466
Mccurdy	12463
Bertrand	12461
Spann	12457
Preciado	12455
Cooney	12455
Berrios	12451
Zelaya	12448
Jaeger	12436
Smalls	12435
Clevenger	12428
Durant	12428
Bollinger	12425
Armendariz	12423
Denson	12419
Mixon	12394
Geary	12382
Montiel	12376
Santamaria	12375
Mcafee	12371
Donald	12367
Foust	12366
Sisk	12365
Rockwell	12360
Ferraro	12355
Still	12354
Casper	12351
Cintron	12349
Overstreet	12342
Borges	12337
Concepcion	12332
Lemons	12322
Matson	12320
Brinson	12303
Shelby	12303
Ralston	12302
Altamirano	12296
Swann	12293
Alicea	12287
Broughton	12273
Oglesby	12271
Caceres	12269
Braxton	12268
Ashton	12263
Lomeli	12263
Begum	12255
Scarborough	12252
Dewey	12249
Alfonso	12246
Duggan	12237
Nadeau	12236
Churchill	12235
Loya	12232
Ragsdale	12227
Mace	12222
Brubaker	12218
Riggins	12218
Curley	12211
Graber	12204
Mccrary	12204
Farnsworth	12203
Herrick	12202
Oates	12202
Nunes	12191
Harley	12186
Robert	12181
Talbert	12181
Hopson	12180
Waterman	12177
Gao	12172
Lantz	12169
Hamrick	12168
Cornwell	12168
Nye	12167
Reis	12165
Birch	12161
Milner	12153
Slone	12142
Spurlock	12141
Tolliver	12128
Almonte	12128
Razo	12125
Masterson	12117
Porras	12106
Moulton	12104
Monk	12103
Pence	12101
Hatton	12090
Rust	12086
Duckworth	12080
Frantz	12079
Oreilly	12074
Bundy	12065
Bethea	12061
Reinhardt	12057
Sam	12053
Guo	12048
Littlejohn	12047
Carlin	12035
Kimbrough	12034
Low	12032
Stoll	12032
Landrum	12026
Champagne	12023
Forte	12023
Dyson	12017
Jett	12008
Bach	11999
Streeter	11988
Christman	11987
Brink	11982
Herr	11980
Falk	11979
Beverly	11978
Wylie	11975
Fallon	11974
Billingsley	11973
Stack	11967
Chowdhury	11961
Pascual	11959
Qualls	11958
Persaud	11956
Christianson	11951
Fortner	11951
Gilman	11946
Cecil	11941
France	11937
Turpin	11937
Greenfield	11922
Mize	11908
Selby	11908
Cotter	11904
New	11903
Fontaine	11901
Valladares	11901
Edgar	11895
Forman	11894
Hannon	11893
Reedy	11884
Galvin	11882
Doughty	11880
Fraley	11876
Beckwith	11876
Allan	11867
Beauchamp	11865
Viera	11861
Moffett	11853
Stuckey	11846
Brumfield	11842
Lankford	11834
Cyr	11829
Bolanos	11829
Shanks	11822
Osullivan	11818
Delvalle	11816
Hite	11810
Arenas	11809
Tomlin	11797
Cardwell	11791
Milam	11787
Bowie	11786
Halverson	11781
Speer	11770
Amaro	11769
Mcmillian	11765
Ponder	11764
Beckett	11763
Applegate	11762
Larue	11757
Hudgins	11755
Paxton	11754
Martins	11751
Fortune	11748
Bair	11740
Dorman	11739
Neville	11739
Rains	11737
Smalley	11737
Lamar	11733
Holton	11731
Patten	11730
Harlow	11726
Vue	11717
Marx	11716
Sommers	11706
Kolb	11705
Morrell	11700
Havens	11699
Brice	11697
Finnegan	11695
Soares	11694
Godoy	11690
Carl	11689
Hildebrand	11687
Merino	11684
Rawls	11679
Rao	11672
Mello	11670
Blakely	11669
Mcalister	11665
Lyman	11664
Harkins	11662
Sommer	11662
Mchenry	11660
Cason	11657
Faulk	11656
Wharton	11656
Bigelow	11650
Helm	11649
Bull	11646
Dockery	11644
Thai	11644
Matias	11635
Boland	11631
Spain	11628
Jain	11626
Cowart	11621
Brothers	11619
Fine	11618
Alcaraz	11616
Pulliam	11613
Benner	11612
Scanlon	11610
Nolasco	11609
Menendez	11609
Wallis	11594
Jacobo	11590
Branson	11587
Simpkins	11585
Ramon	11582
Whatley	11579
Lewandowski	11577
Quinonez	11576
Cepeda	11572
Watters	11569
Botello	11569
Barclay	11568
Grissom	11563
Cadena	11560
Canfield	11560
Edge	11556
Cota	11554
Perrin	11550
Mcadams	11547
Haro	11547
Keeler	11546
Perea	11546
Menard	11543
Ricci	11534
Burkholder	11532
Poindexter	11531
Coyne	11525
Shackelford	11525
Ellington	11522
Krieger	11521
Ridley	11521
Troutman	11519
Tello	11512
Nielson	11511
Cary	11506
Irby	11506
Ruelas	11505
Grigsby	11501
Paulino	11500
Maciel	11500
Steffen	11494
Blalock	11493
Levesque	11490
Forsythe	11489
Newby	11483
Lor	11479
Sample	11471
Barbee	11470
Butterfield	11468
Franz	11462
Keane	11459
Gooch	11453
Baumgartner	11448
Devore	11445
Hyman	11436
Wenzel	11432
Janssen	11423
Lauer	11414
Gresham	11412
Fennell	11410
Vest	11405
Schmid	11400
Grogan	11400
Rupp	11399
Corrigan	11396
Breeden	11395
Gossett	11389
Causey	11387
Waugh	11387
Roush	11386
Zamudio	11384
Mancini	11382
Withers	11381
Sisson	11380
Pepper	11374
Choate	11372
Tolentino	11371
Whelan	11363
Yan	11354
Mcneely	11350
Corrales	11348
Murrell	11347
Brownlee	11344
Fultz	11342
Harlan	11339
Lindquist	11337
Gooden	11335
Whiteside	11334
Gardiner	11331
Rodas	11327
Haggerty	11320
Shuler	11315
Garvey	11307
Cardoso	11304
Carman	11302
Nettles	11302
Burdette	11284
Villagomez	11282
Apodaca	11280
Royer	11279
Colby	11278
Daily	11276
Hammons	11273
Pemberton	11272
Wellman	11260
Montague	11258
Gaspar	11251
Paulsen	11243
Harwood	11238
Castellano	11238
Victor	11234
Stanfield	11229
Bronson	11229
Ruvalcaba	11220
Newsom	11218
Shipp	11217
Wren	11211
Dao	11211
Sage	11207
Brockman	11204
Nino	11202
Parent	11193
Lenz	11191
Keck	11186
Houghton	11184
Noe	11182
Bunn	11180
South	11178
Kopp	11175
Snowden	11171
Martell	11158
Bruns	11158
Boyles	11156
Camarena	11154
Moe	11150
Herzog	11146
Kiefer	11141
Clary	11139
Ayres	11139
Amin	11137
Warden	11135
Muir	11130
Samson	11123
Ezell	11121
Switzer	11114
Pardo	11104
Mullin	11103
Eller	11103
Infante	11102
Kroll	11098
Rivero	11096
Sauceda	11093
Zielinski	11087
Jeffrey	11085
Ragan	11081
Bostic	11079
Krebs	11067
Camarillo	11066
Urena	11066
Peek	11062
Seeley	11061
Strand	11051
Wyman	11051
Grooms	11045
Beers	11043
Barba	11043
Freitas	11041
Byrnes	11039
Ness	11037
Estevez	11032
Alanis	11029
Morley	11028
Keefe	11028
Llamas	11028
Brackett	11027
Lively	11026
Leahy	11014
Sell	11014
Mortensen	11013
Domingo	11012
Fanning	11007
Palumbo	11005
Hartmann	11000
Dial	10997
Pino	10993
Needham	10983
Wheat	10979
Tsai	10968
Nagle	10963
Sifuentes	10954
Hamel	10944
Landeros	10934
Massie	10920
Pedroza	10918
Morey	10894
Larios	10887
Dees	10887
Brant	10886
Carvalho	10877
Miguel	10861
Agee	10857
Elrod	10851
Mclemore	10850
Kuntz	10848
Pak	10846
Otoole	10842
Hardwick	10841
Skidmore	10841
Seibert	10826
Worrell	10821
Briseno	10821
Nolen	10820
Hardesty	10817
Pauley	10809
Haddad	10804
Reiter	10802
Dunaway	10798
Van	10798
Robins	10797
Laney	10796
Custer	10790
Gaither	10790
Vicente	10789
Wolford	10789
Danner	10786
Gatlin	10785
Dunning	10784
Salcido	10776
Wilde	10766
Somers	10762
Delagarza	10759
Plunkett	10758
Mccloskey	10756
Mendiola	10752
Medlin	10750
Millan	10733
Boehm	10730
Marr	10724
Drury	10721
Lennon	10720
March	10719
Horan	10711
Christenson	10707
Arana	10698
Jose	10697
Beaulieu	10695
Bone	10692
Feng	10687
Eng	10682
Farrow	10672
Islam	10670
Stowe	10668
Olguin	10660
Younger	10658
Toro	10650
Kitchens	10647
Libby	10631
Clawson	10631
Crider	10621
Newkirk	10620
Malcolm	10618
Montenegro	10606
Gulley	10605
Maples	10603
Galarza	10601
Wenger	10596
Zeller	10595
Carbone	10591
Maxey	10584
Narvaez	10579
Peng	10575
Pichardo	10572
Stepp	10571
Florez	10570
Terrazas	10569
Ahn	10567
Mcintire	10566
Pullen	10565
Phelan	10562
Parry	10555
Charlton	10555
Vail	10554
Schrock	10549
Hiller	10546
Iglesias	10546
Bayer	10544
Sager	10541
Kinder	10539
Koontz	10538
Cedillo	10538
Villatoro	10535
Oshea	10531
Kimmel	10528
Conti	10526
Turley	10524
Behrens	10524
Acker	10519
Crist	10518
Kemper	10518
Currier	10513
Broderick	10504
Waldrop	10503
Lemke	10501
Snead	10500
Seifert	10499
Ratcliff	10497
Ingle	10497
Flannery	10497
Olivo	10483
Winchester	10480
Judge	10453
Serrato	10449
Ambriz	10445
Gandy	10444
Sales	10439
Fogle	10434
Paez	10433
Jin	10432
Brinkman	10432
Conde	10430
Monson	10425
Etheridge	10420
Vieira	10420
Griswold	10417
Gaskins	10414
Mcclanahan	10407
Westmoreland	10399
Seward	10399
Chao	10398
Rand	10397
Poston	10396
Anglin	10396
Severson	10391
Windham	10390
Comstock	10390
Hubert	10380
Grantham	10379
Fugate	10375
Noll	10374
Lafferty	10373
Mcmillen	10371
Garnett	10370
Healey	10370
Burge	10364
Aldana	10362
Kozlowski	10358
Keegan	10354
Turk	10354
Tom	10350
Reichert	10345
Deguzman	10341
Paniagua	10340
Dupont	10339
Skipper	10338
Venable	10333
Higgs	10333
Karr	10324
Bagwell	10324
Wicker	10321
Liles	10317
Fang	10316
Carrion	10316
Maya	10313
Ferry	10312
Marvin	10310
Quinlan	10302
Minter	10301
Cosby	10300
Barksdale	10294
Tisdale	10293
Meador	10292
Sikes	10280
Hanlon	10278
Easton	10276
Peyton	10276
Rojo	10275
Motley	10274
Ballesteros	10261
Lindley	10260
Caputo	10257
Steed	10250
Penny	10249
Luciano	10247
Hiatt	10247
Israel	10245
Crooks	10244
Searcy	10243
Logsdon	10242
Culbertson	10240
Glaser	10235
Weems	10231
Mccallum	10229
Neil	10228
Leger	10221
Wayne	10215
Leigh	10213
Mendenhall	10213
Hollins	10213
Dorn	10206
Tavarez	10201
Sowers	10198
Andrus	10197
Glick	10196
Everhart	10186
Deluna	10182
Ahrens	10182
Chapin	10175
Hodgson	10173
Niles	10173
Lanham	10170
Mendes	10162
Weiler	10160
Lindberg	10149
Valdovinos	10147
Murry	10140
Colwell	10140
Earley	10140
Culpepper	10135
Broome	10133
Shore	10130
Barreto	10127
Correia	10126
Mcduffie	10125
Betz	10120
Alderman	10119
Tice	10118
Desantis	10117
Ashworth	10116
Tafoya	10114
Pfeifer	10109
Boudreau	10103
Mattox	10099
Dexter	10099
Isom	10099
Box	10098
Montez	10097
Martens	10096
Son	10094
Joshi	10089
Moffitt	10070
Schweitzer	10068
Kasper	10064
Caro	10064
Vines	10061
Dehart	10058
Perdomo	10058
Eggleston	10057
Shi	10055
Bills	10051
Allard	10047
Kirchner	10044
Faber	10039
Layman	10038
Calvillo	10032
Sanborn	10025
Harter	10020
Tuck	10018
Mauldin	10011
Nilson	10010
Blaylock	10008
Moriarty	10005
Luo	10005
Colburn	10005
Starling	10004
Haller	9992
Mears	9988
Thorn	9988
Bahena	9983
Curiel	9983
Stine	9979
Catalano	9973
Beckham	9960
Ashcraft	9957
Haag	9957
Kunz	9953
Abney	9948
Albertson	9943
Littleton	9939
Hallman	9938
Cone	9935
Mcnabb	9935
Stephen	9925
Free	9923
Upchurch	9922
Wadsworth	9912
Partridge	9909
Osman	9908
Hawes	9908
Wirth	9907
Gilley	9906
Isbell	9905
Chamberlin	9897
Olmos	9895
Storm	9895
Quach	9894
Groff	9889
Mackay	9886
Thiel	9880
Agnew	9856
Aceves	9854
Jay	9852
Mccarter	9849
Lebron	9843
Schott	9842
Kuykendall	9841
Ye	9839
Chou	9834
Caswell	9827
Weinberg	9825
Zook	9824
Mcmurray	9824
Musser	9820
Canada	9819
Haskell	9816
Witte	9816
Johansen	9815
Delrio	9814
Guenther	9809
Taggart	9808
Renfro	9806
Schindler	9801
Huey	9800
Clemente	9797
Lomax	9789
Reddick	9785
Chaffin	9782
Broyles	9781
Coombs	9780
Quarles	9780
Lucio	9780
Gable	9779
Fisk	9779
Echevarria	9777
Parkinson	9767
Jeffery	9766
Albers	9766
Sutter	9760
Lindstrom	9754
Higdon	9753
Badillo	9753
Thatcher	9752
Weis	9750
Doll	9749
Dix	9748
Keeton	9748
Whitworth	9748
Majors	9747
Dover	9742
Card	9742
Latimer	9733
Cha	9732
Melo	9731
Keaton	9723
Handley	9722
Syed	9722
Ledezma	9721
Olivarez	9720
Binder	9720
Xie	9716
Kelleher	9714
Counts	9713
Mancuso	9711
Noyes	9710
Colson	9710
Heckman	9709
Mosqueda	9709
Littlefield	9707
Tinoco	9707
Luce	9704
Kohn	9701
Legg	9671
Horowitz	9671
Harder	9665
Bess	9663
Bohannon	9663
Willson	9659
Mayorga	9659
Gall	9658
Artis	9656
Saleh	9656
Rawlings	9652
Stpierre	9638
Wynne	9637
Luttrell	9632
Jasper	9632
Camargo	9626
Hedges	9625
Brandenburg	9624
Straub	9624
Bernier	9614
Villareal	9614
Tyree	9613
Sowell	9612
Manzano	9608
Knoll	9608
Paquette	9606
Fiore	9606
Bivens	9603
Frick	9597
Homan	9597
Ong	9584
Madera	9583
Taveras	9580
Wei	9578
Fulmer	9570
Amaral	9567
Shull	9565
Koehn	9559
Truitt	9557
Keefer	9552
Echeverria	9552
Mccune	9549
Cable	9545
Freed	9541
Loveless	9533
Wilbur	9527
Stacey	9520
Gracia	9520
Ostrander	9518
Mangum	9515
Staggs	9514
Curtin	9513
Saxton	9509
Gagne	9507
Hackney	9507
Findley	9505
Holtz	9502
Glynn	9501
Scroggins	9495
Packard	9494
Antoine	9493
Wicks	9489
Kunkel	9488
Guest	9483
Vaught	9476
Close	9474
Feeney	9473
Smyth	9470
Sibley	9467
Fairbanks	9466
Cockrell	9465
Haugen	9461
Mcclung	9456
Poirier	9453
Perryman	9443
Mahon	9441
Cosgrove	9441
Salerno	9440
Mundy	9439
Timm	9433
Swisher	9431
Lafleur	9430
Hardman	9430
Toler	9427
Cohn	9426
Seaton	9423
Ashford	9421
Dallas	9418
Batchelor	9417
Cedeno	9412
Calvin	9412
Lavoie	9408
Deloach	9407
Vuong	9407
Neill	9404
Irvine	9397
Jolley	9392
Resendez	9390
Noland	9386
Cousins	9380
Mull	9377
Hasan	9374
Jacoby	9372
Edmond	9369
Swafford	9369
Derrick	9365
Martines	9363
Abarca	9363
Woodworth	9361
Deutsch	9361
Thigpen	9359
Andre	9358
Mcgrew	9354
Scholl	9351
Tarver	9341
Clough	9339
Hennessy	9338
Rosenbaum	9333
Stull	9324
Bolen	9323
Reno	9322
Mcfarlane	9319
Hulsey	9317
Seal	9316
Roby	9315
Ripley	9314
Palomino	9313
Mcwhorter	9312
Rafferty	9311
Harry	9311
Jurado	9309
Lumpkin	9307
Kohl	9303
Toscano	9301
Bratcher	9301
Bratton	9300
Evers	9300
Fahey	9299
Gaona	9299
Keeney	9294
Trapp	9294
Ocasio	9293
Neeley	9288
Wiese	9287
Maas	9285
Joe	9280
Furman	9273
Whitson	9273
Bohn	9272
Bourne	9270
Hanes	9268
Ruggiero	9263
Fitzsimmons	9260
Luis	9255
Bobo	9254
Rueda	9253
Headley	9250
Horst	9245
Sturm	9242
Reinhart	9237
Mcnutt	9232
Mccutcheon	9230
Tu	9230
Galicia	9229
Javier	9226
Demers	9225
Biddle	9219
Brill	9215
Hoppe	9215
Shay	9212
Farrington	9211
Landon	9211
Coble	9204
Laster	9202
Proffitt	9202
Beall	9202
Wheaton	9202
Collado	9201
Casanova	9201
Islas	9200
Bader	9197
Hoy	9196
Sweat	9194
Hofmann	9192
Hoyle	9192
Peter	9191
Maki	9190
Bowens	9188
Stutzman	9185
Lea	9180
Klinger	9179
Florence	9177
Buss	9177
Hussey	9176
Smoot	9168
Dugger	9164
Bittner	9163
Soliz	9159
Runyon	9153
Pitt	9151
Blocker	9149
Ainsworth	9149
Calkins	9146
Gaddis	9142
Strom	9142
Mcclintock	9141
Worden	9139
Dube	9136
Mccombs	9134
Zink	9134
Schiller	9132
Jerome	9131
Rickard	9128
Ling	9127
Burney	9126
Volk	9126
Jang	9125
Gantt	9122
Avina	9122
Cordell	9119
Gingerich	9117
Forster	9116
Olivera	9108
Melgar	9106
Knudsen	9104
Slocum	9102
Smail	9097
Hoke	9096
Leong	9094
Lawless	9093
Mariano	9091
Ruby	9091
Sander	9090
Buford	9089
Mayhew	9085
Merriman	9085
Cady	9084
See	9081
Tully	9081
Glasgow	9078
Gerard	9075
Breedlove	9075
Register	9075
Kovacs	9072
Davey	9071
Redden	9067
Goad	9062
Goebel	9062
Lazaro	9061
Erb	9060
Putman	9058
Martel	9056
Eads	9056
Reimer	9055
Pickard	9053
Borders	9053
Pond	9052
Gallant	9051
Kee	9049
Packer	9048
Greenlee	9048
Taft	9048
Nunley	9046
Jonas	9043
Shuman	9043
Belton	9041
Barnhill	9040
Kovach	9040
Moreira	9037
Moreau	9035
Halstead	9027
Fredrickson	9026
Sanabria	9026
Goble	9022
Crutchfield	9019
Loza	9011
Sturgeon	9007
Kidwell	9006
Nicolas	9006
Clarkson	9004
Mullis	9003
Beattie	8993
Sigler	8992
Neuman	8982
Sevilla	8980
Pollack	8977
Ridgeway	8975
Bourque	8973
Wilks	8972
Rauch	8972
Jankowski	8970
Simonson	8968
Kwan	8965
Evangelista	8964
Rau	8961
Lozada	8959
Canady	8958
Faircloth	8954
Batson	8951
Popp	8947
Dunne	8941
Keeling	8938
Teal	8937
Hamblin	8936
Greiner	8935
Holly	8934
To	8934
Yun	8933
Aiello	8927
Baptiste	8915
Grice	8914
Freedman	8913
Bergstrom	8908
Clausen	8906
Chew	8905
Haase	8904
Ammons	8904
Outlaw	8901
Sabo	8899
Deng	8898
Teixeira	8895
Lapointe	8894
Colley	8887
Galbraith	8886
Miramontes	8884
Carvajal	8883
Cranford	8883
Strain	8883
Stubblefield	8878
Partida	8878
Grabowski	8877
Vickery	8874
Loy	8868
Marte	8867
Rodarte	8860
Burnside	8859
Hermann	8858
Wofford	8856
Fleck	8852
Magallanes	8852
Mathias	8851
Duval	8851
Weatherford	8850
Ricker	8850
Mcvey	8848
Ritchey	8844
Barahona	8844
Peebles	8843
Peace	8841
Chiang	8841
Fung	8837
Hutchings	8833
Himes	8831
Frame	8827
Creel	8815
Fortin	8814
Bedford	8814
Dodds	8813
Clouse	8809
Merrell	8809
Bartels	8809
Southard	8808
Basham	8806
Dangelo	8802
Raney	8801
Lehmann	8799
Worthy	8795
Langdon	8794
Jara	8790
Flanders	8787
Showalter	8786
Robinette	8784
Meeker	8781
Moy	8781
Cathey	8779
Craddock	8772
Kirsch	8764
Back	8762
Arsenault	8760
Spring	8757
Winstead	8756
Mount	8754
Munn	8751
Iniguez	8750
Marquardt	8749
Szymanski	8748
Scully	8747
Conte	8744
Provost	8742
Conover	8738
Buffington	8738
Marquis	8737
Valverde	8737
Belt	8737
Goforth	8735
Mazur	8733
Durand	8729
Wimberly	8729
Bunting	8725
Kish	8725
Geer	8717
Foltz	8714
Peak	8713
Santoro	8713
Lanning	8711
Plascencia	8710
Burkhardt	8707
Autry	8704
Sarabia	8695
Slattery	8695
Testa	8694
Tennant	8693
Santoyo	8692
Peterman	8690
Clapp	8689
Pannell	8687
Keel	8682
Coppola	8676
Embry	8675
Howland	8675
Shorter	8675
Earle	8672
Brittain	8671
Kelso	8671
Gurley	8669
Samples	8663
Boothe	8656
Freeland	8653
Fusco	8650
Parada	8649
Sorrell	8641
Bannister	8639
Hawks	8639
Prasad	8638
Romeo	8636
Lightfoot	8634
Sells	8633
Tenorio	8629
Merrick	8629
Kaye	8627
Tijerina	8626
Akin	8626
Atwell	8622
Menjivar	8622
Gilbertson	8621
Meraz	8616
Shanahan	8616
Ibanez	8614
Cruse	8614
Hernandes	8612
Garrido	8605
Spalding	8601
Deanda	8600
Calabrese	8599
Matheny	8595
Yuan	8588
Harbin	8587
Molnar	8586
Gough	8584
Bandy	8582
Moncada	8574
Chavira	8573
Doucette	8573
Slagle	8573
Welker	8566
Teran	8557
Gainey	8556
Heinrich	8552
Vetter	8550
Carden	8548
Meneses	8548
Trice	8546
Mccallister	8545
Koss	8544
Shifflett	8544
Burley	8542
Fries	8540
Jobe	8536
Rayburn	8532
Hundley	8532
Mccorkle	8529
Boss	8529
Wozniak	8526
Asbury	8522
Mosier	8522
Petrie	8520
Elliot	8518
Arguello	8518
Fullerton	8517
Sharkey	8514
Schulze	8509
Shumaker	8508
Couture	8508
Bontrager	8507
Hargis	8503
Varney	8502
Siddiqui	8502
Paine	8501
Barboza	8497
Gonsalves	8494
Dayton	8494
Louie	8485
Candelaria	8483
Liao	8482
Barnette	8480
Batts	8473
Montelongo	8472
Casteel	8472
Lemay	8471
Wasson	8471
Cartagena	8467
Coons	8466
Pagano	8465
Riddick	8464
Gillen	8462
Kersey	8459
Gorham	8458
Cai	8457
Griego	8456
Mclendon	8453
Forsyth	8450
Pinkerton	8446
Sturgill	8444
Purnell	8441
Fan	8441
Hylton	8440
Begley	8435
Easterling	8433
Macedo	8433
Baeza	8432
Seidel	8430
Snipes	8428
Sandlin	8421
Sherrod	8420
Herbst	8419
Monge	8418
Sandberg	8416
Swope	8415
Covey	8414
Ketchum	8407
Blackwood	8407
Almaraz	8404
Salem	8404
Hutto	8403
Delrosario	8402
Pelayo	8402
Palacio	8400
Weidner	8400
Leighton	8399
Desimone	8399
Rausch	8398
Dion	8395
Cade	8391
Aguiar	8390
Cave	8389
Dagostino	8388
Haggard	8384
Wentz	8376
Armijo	8372
Piazza	8372
Prewitt	8371
Fu	8370
Covert	8369
Bertram	8369
Mariscal	8368
Houle	8364
Hales	8363
Nemeth	8362
Gatewood	8359
Archibald	8359
Wingate	8359
Hennessey	8357
Cochrane	8355
Damron	8354
Williford	8352
Lovejoy	8351
Lister	8350
Gaddy	8342
Southerland	8336
Wick	8333
Jewett	8330
Logue	8328
Hailey	8327
Siler	8327
Scarbrough	8327
Blunt	8326
Parisi	8326
Eagle	8325
Wilhite	8325
Whitcomb	8324
Camara	8324
Hauck	8322
Hutcheson	8321
Faison	8320
Turnbull	8320
Melchor	8319
Burchett	8318
Colin	8318
Abdullah	8314
Orosco	8313
Coffin	8312
Fuqua	8312
Heinz	8311
Shumate	8311
Griffis	8309
Battaglia	8308
Ballinger	8306
Vanmeter	8305
Scoggins	8302
Lieberman	8302
Nathan	8300
Mccreary	8298
Cato	8298
Maestas	8296
Partin	8296
Lovato	8293
Galan	8293
Nickel	8292
Pinkston	8291
Casto	8284
Bianchi	8284
Samaniego	8281
Jaquez	8281
Rousseau	8270
Landa	8267
Bracken	8265
Santacruz	8264
Conaway	8264
Withrow	8262
True	8261
Furr	8260
Creamer	8255
Dell	8255
Chism	8253
Bear	8252
Mccue	8250
Martz	8250
Fogarty	8245
Mcculloch	8244
Prosser	8244
Derosa	8241
Poore	8240
Oden	8240
Ives	8233
Winfield	8230
Sprouse	8229
Kirkwood	8227
Mowery	8226
Ahern	8221
Rhea	8219
Wild	8217
Greathouse	8217
Castleberry	8210
Deangelo	8205
Heil	8205
Settle	8202
Spearman	8199
Wertz	8198
Monaco	8198
Redmon	8197
Sides	8194
Leiva	8193
Wegner	8192
Guyton	8191
Atchison	8185
Mccaffrey	8181
Dupuis	8179
Valenti	8174
Tallman	8174
Bradbury	8172
Seiler	8170
Menchaca	8169
Caudle	8167
Loftus	8166
Palermo	8165
Ulmer	8165
Wilt	8165
Leclair	8162
Sammons	8161
An	8160
Knowlton	8157
Denham	8156
Tillery	8156
Stallworth	8155
Ralph	8153
Tracey	8152
Schreiner	8152
Mercier	8149
Oviedo	8145
Stinnett	8142
Ferrari	8141
Schoen	8140
Armour	8139
Moen	8138
Nutter	8137
Chaves	8137
Robson	8137
Velarde	8135
Dupre	8131
Ridenour	8130
Strunk	8129
Hardison	8128
Frasier	8124
Tilton	8124
Pendergrass	8123
Fain	8122
Ramsay	8120
Manriquez	8119
Fort	8117
Troy	8109
Wilbanks	8107
Clem	8107
Montemayor	8106
Wilke	8106
Bazan	8104
Hynes	8104
Holcombe	8103
Hefner	8100
Enos	8097
Maness	8095
Neri	8094
Buckingham	8094
Ginn	8088
Cromwell	8087
Mcvay	8086
Morel	8085
Mahaffey	8079
Criswell	8077
Denning	8076
Rey	8074
Collett	8064
Quevedo	8064
Lum	8060
Duque	8058
Lathrop	8057
Royster	8056
Weimer	8050
Cornish	8050
Martinson	8048
Canty	8047
Clegg	8045
Mclaurin	8045
Zayas	8045
Rosser	8043
Mazza	8043
Kingsley	8043
Marek	8042
Castellon	8041
Dellinger	8040
Leo	8039
Shinn	8038
Bogan	8034
Steinmetz	8032
Budd	8026
Harrelson	8023
Wentworth	8023
Staten	8021
Olmstead	8021
Whitlow	8020
Sledge	8019
Ta	8017
Pulley	8007
Lacroix	8003
Goncalves	8000
Tremblay	7996
Tanaka	7994
Sisco	7993
Hendrick	7988
Weed	7987
Badger	7987
Vaca	7982
Magnuson	7980
Keyser	7978
Allman	7977
Durkin	7975
Alvarenga	7973
Sayre	7973
Segal	7972
Earnest	7968
Monaghan	7968
Nall	7966
Clanton	7965
Geyer	7962
Bounds	7960
Pettigrew	7958
Lundberg	7958
Bostick	7957
Magdaleno	7956
Jenson	7956
Hutchens	7954
Tiller	7954
Cromer	7952
Fincher	7951
Loper	7950
Sumpter	7950
Fellows	7948
Blythe	7947
Urias	7941
Haddock	7940
Appel	7938
Rupert	7936
Mcinnis	7933
Alam	7932
Buxton	7925
Chestnut	7924
Eggers	7921
Armstead	7919
Gayle	7916
Muro	7916
Jeanbaptiste	7915
Clemmons	7914
Dykstra	7913
Mancilla	7908
Grande	7904
Thibodeau	7904
Beeler	7902
Eaves	7902
Picard	7898
Grasso	7894
Tamez	7894
Roller	7894
Macleod	7886
Meister	7885
Hibbard	7885
Garman	7884
Alcorn	7884
Sanches	7883
Gunther	7882
Ethridge	7878
Arriola	7877
Heilman	7876
Prentice	7874
Swearingen	7872
Milburn	7871
Guess	7871
Quesada	7870
Mei	7867
Etienne	7867
Hyland	7862
Lemaster	7858
Ballew	7857
Riordan	7848
Fredericks	7848
Volpe	7847
Conlon	7845
Veal	7842
Servin	7842
Mertz	7841
Stephan	7840
Flora	7837
Unruh	7835
Travers	7833
Swank	7832
Ascencio	7832
Devito	7831
Johnsen	7831
Loredo	7830
Krug	7827
Samuelson	7824
Donato	7823
Villalpando	7821
Brent	7820
Mckoy	7820
Orta	7820
Yount	7817
Teel	7814
Hair	7814
Vanwinkle	7811
Caldera	7802
Deboer	7798
Bricker	7792
Treadway	7792
Deangelis	7791
Buchholz	7790
Luckett	7790
Pitman	7789
Wooldridge	7788
Augustin	7788
Taber	7788
Vargo	7787
Kremer	7784
Basile	7783
Yeung	7782
Lilley	7780
Poling	7779
Talavera	7777
Choe	7776
Barrows	7773
Dvorak	7771
Raynor	7770
Alejandro	7770
Rash	7769
Keim	7769
Hitt	7762
Lapp	7761
Towns	7760
Sperry	7760
Leroy	7759
Deyoung	7759
Schoonover	7756
Rinaldi	7756
Ashe	7756
Herrin	7755
Brogan	7754
Lung	7753
Ordaz	7753
Rohrer	7750
Poland	7746
Coronel	7745
Plante	7744
Lavender	7744
Frazer	7743
Barela	7739
Southern	7738
Jackman	7738
Bahr	7731
Bickford	7728
Angelo	7728
Kraemer	7726
Angell	7725
Mauro	7722
Coggins	7722
Goolsby	7721
Batten	7716
Worth	7713
Kling	7713
Hazel	7711
Wojcik	7710
Kehoe	7708
Sayers	7705
Romine	7704
Getz	7703
Gaitan	7702
Battles	7702
Abrego	7702
Whyte	7701
Ovalle	7698
Everson	7694
Bristol	7694
Shores	7691
Yuen	7688
Fontana	7685
Spruill	7683
Hofer	7682
Eck	7681
Grijalva	7678
Fenner	7678
Szabo	7678
Pyles	7677
Castanon	7673
Tomas	7673
Boren	7672
Lerner	7672
Olds	7670
Isaacson	7668
Manson	7663
Flick	7661
Omar	7660
Janes	7659
Nakamura	7658
Moye	7657
Thomsen	7654
Morehead	7653
Schenk	7651
Savoy	7649
Lear	7649
Flanigan	7648
Drayton	7648
Mckeever	7647
Pastor	7647
Reuter	7643
Steadman	7642
Whiteman	7642
Pang	7642
Driggers	7641
Fortier	7634
Stroup	7627
Spellman	7627
Windsor	7621
Mather	7621
Halsey	7619
Thames	7619
Borja	7618
Sparrow	7614
Martini	7612
Mcewen	7610
Heflin	7609
Sparkman	7607
Zeng	7605
Reitz	7604
Mcfall	7602
Silvers	7602
Osuna	7601
Morrill	7598
Folsom	7598
Sena	7597
Boling	7597
Sessions	7593
Spires	7592
Hammett	7590
Mccurry	7590
Donley	7589
Cassell	7587
Jester	7587
Matheson	7585
Markley	7581
Minnick	7581
Cass	7581
Bunker	7581
Valente	7580
Stidham	7579
Saxon	7576
Bethel	7573
Pearl	7570
Timmerman	7569
Lemieux	7567
Du	7566
Henke	7566
Avelar	7564
Carpio	7561
Graziano	7559
Damon	7555
Gearhart	7553
Larose	7552
Jorgenson	7551
Osburn	7549
Otis	7549
Mosby	7549
Frausto	7547
Yamamoto	7547
Wooden	7547
Schramm	7543
Nutt	7541
Burrow	7539
Holloman	7536
Toliver	7536
Hazen	7532
Puentes	7528
Laporte	7528
Kress	7528
Fryer	7524
Ehlers	7524
Marques	7520
Linville	7517
Berryman	7517
Langlois	7513
Nair	7513
Friesen	7512
Toomey	7510
Ault	7509
Parikh	7506
Langer	7506
Lei	7504
Maclean	7504
Bolt	7504
Berlin	7503
Diallo	7502
Levi	7500
Peeples	7499
Kozak	7495
Pogue	7493
Newland	7491
Eden	7489
Mattison	7485
Abdi	7484
Whited	7482
Manzanares	7480
Palomo	7478
Usher	7477
Jablonski	7469
Hecht	7466
Freund	7465
Piatt	7463
Cloutier	7461
Schlegel	7461
So	7456
Derr	7456
Posada	7454
Pointer	7453
Brannan	7452
Shirk	7448
Pizarro	7446
Smothers	7444
Vanegas	7444
Warfield	7443
Toussaint	7441
Restrepo	7441
Stegall	7439
Favela	7439
Wallen	7436
Beale	7431
Lindner	7428
Yager	7427
Kuo	7426
Mcdevitt	7425
Carnahan	7424
Falcone	7423
Grim	7418
Bucher	7417
Ching	7417
Whitehurst	7412
Lew	7410
Hintz	7406
Fiedler	7403
Upshaw	7401
Cushman	7400
Moorman	7399
Pellegrino	7398
Jenks	7396
Desmond	7395
Gerlach	7394
Mcmichael	7392
Baskin	7389
Talbott	7386
Utley	7385
Koester	7380
Boatwright	7379
Pleasant	7378
Pomeroy	7377
Dabney	7376
Duckett	7375
Mcreynolds	7373
Shane	7372
Bettencourt	7365
Miley	7365
Crites	7363
Pinson	7362
Sung	7360
Spooner	7359
Franke	7359
Irons	7358
Mckeown	7357
Spradlin	7356
Pettis	7354
Juan	7350
Keiser	7348
Button	7341
Abell	7339
Jamieson	7338
Irish	7336
Wickham	7335
Reiss	7334
Germain	7332
Thornhill	7327
Pippin	7326
Bristow	7323
Horning	7322
Zamarripa	7322
Mulder	7317
Luster	7316
Garris	7316
Johnstone	7313
Bosch	7312
Thornburg	7309
Stamps	7307
Whittle	7307
Guffey	7307
Huntington	7306
Ogrady	7306
Nelms	7303
Lindgren	7300
Tibbs	7294
Bare	7291
Das	7289
Lowman	7284
Mckeon	7283
Creighton	7282
Knudson	7278
Walling	7275
Chi	7273
Ferro	7273
Sasser	7272
Sherry	7271
Gladden	7271
Gilson	7271
Hildreth	7269
Hornsby	7267
Mickelson	7267
Mckenney	7265
Cupp	7263
Christ	7261
Raber	7261
Mccool	7259
Ries	7258
Mcdaniels	7256
Speed	7255
Bernhardt	7253
Frankel	7253
Deltoro	7251
Place	7251
Voigt	7251
Falls	7250
Sachs	7248
Guan	7247
Molloy	7238
Tenney	7238
Kester	7237
Harwell	7234
Knotts	7232
Bobbitt	7230
Rosenberger	7228
Michels	7225
Sturdivant	7223
Hammock	7222
Simone	7221
Walz	7220
Bussey	7219
Bosley	7216
Gorski	7213
Gurrola	7211
Stillwell	7211
Verdugo	7210
Fazio	7210
Neel	7209
Urrutia	7208
Amezcua	7206
Rutter	7205
Lavigne	7204
Schlosser	7203
Ivory	7201
Lundgren	7198
Raya	7198
Laplante	7195
Held	7195
Yao	7192
Salmeron	7191
Sandhu	7190
Randazzo	7190
Almond	7188
Oaks	7182
Hussein	7182
Kuehn	7181
Whitmire	7179
Gabel	7177
Pride	7172
Encarnacion	7171
Nan	7170
Strother	7170
Binkley	7159
Blodgett	7157
Garrity	7156
Phung	7155
Rambo	7154
Napolitano	7153
Goodin	7153
Matteson	7148
Au	7148
Shade	7148
Carreno	7146
Rana	7145
Woodbury	7144
Spriggs	7143
Snook	7141
Peltier	7140
Macklin	7140
Casarez	7140
Mcdougal	7139
Oxendine	7139
Hung	7137
Loving	7135
Barros	7134
Bocanegra	7134
Ridge	7133
Nail	7133
Moll	7131
Roddy	7127
Nation	7125
Rigsby	7124
Zimmermann	7123
Gooding	7123
Vandenberg	7121
Hogg	7119
Mcdade	7119
Wilkie	7116
Wainwright	7114
Steel	7111
Rainwater	7111
Enright	7108
Ackley	7102
Bankston	7101
Westphal	7101
Nesmith	7097
Welborn	7095
Trowbridge	7095
Araiza	7095
Sato	7095
Hague	7093
Suh	7089
Hannan	7086
Feller	7085
Palomares	7084
Oropeza	7082
Lagunas	7080
Huskey	7080
Turcios	7073
Slayton	7069
Rudy	7069
Guido	7068
Doe	7066
Comeaux	7066
Backus	7064
Destefano	7058
Marler	7058
Puga	7056
Tobar	7056
Kuhns	7055
Damian	7048
Spurgeon	7047
Saul	7047
Brumley	7046
Brownell	7045
Mckelvey	7043
Palm	7041
Gaskin	7039
Roderick	7039
Hargrave	7037
Dimas	7035
Paterson	7035
Kinard	7035
Archie	7035
Bickel	7035
Wallin	7034
Sipes	7034
Giddens	7034
Kingston	7033
Seo	7033
Hartwell	7032
Lora	7030
Spitzer	7027
Penaloza	7026
Veliz	7024
Glaze	7022
Tarr	7021
Beals	7020
Butt	7020
Carrasquillo	7015
Varghese	7013
Mcbee	7011
Fried	7010
Macon	7008
Durden	7007
Ostrowski	7005
Bozeman	7004
Bernardo	7003
Berkowitz	7000
Shively	7000
Arango	6998
Delafuente	6996
Merkel	6991
Victoria	6989
Boynton	6983
Khalil	6983
Mcgarry	6982
Min	6982
Woodley	6982
Friday	6980
Heffner	6980
Barcenas	6979
Smithson	6978
Musick	6972
Bastian	6967
Qureshi	6966
Monteiro	6965
Jessup	6964
Council	6964
Barringer	6964
Fishman	6962
Martindale	6962
Judy	6962
Heffernan	6961
Rohde	6961
Real	6959
Yeh	6958
Beeson	6952
Beardsley	6950
Woolsey	6949
Apple	6948
Sacco	6942
Shivers	6939
Mabe	6939
Hua	6939
Pinon	6938
Bowlin	6938
Durr	6937
Lock	6936
Siebert	6932
Buenrostro	6931
Gosnell	6931
Haight	6929
Sallee	6929
Salyer	6926
Weatherly	6926
Verduzco	6923
Munro	6918
Fielder	6917
Rubino	6917
Alexis	6915
Leake	6915
Michalski	6914
Garduno	6912
Trombley	6908
Booher	6900
Catalan	6899
Farber	6897
Bischoff	6897
Davalos	6894
Doolittle	6893
Poulin	6892
Stoker	6888
Corder	6887
Corwin	6887
Belk	6886
Rooks	6883
Calvo	6883
Millar	6883
Heims	6881
Holiday	6881
Gastelum	6880
Fannin	6873
Dugas	6871
Joslin	6868
Penrod	6867
Andino	6866
Krauss	6865
Fredrick	6865
Grider	6865
Desantiago	6864
Hass	6863
Hang	6863
Pieper	6860
Tsang	6860
Shephard	6859
Large	6859
Quiles	6858
Phillip	6857
Shrader	6855
Lundquist	6853
Baxley	6852
Mcginley	6851
Styles	6847
Lamont	6845
Carrizales	6845
Dalrymple	6843
Bice	6841
Philips	6840
Underhill	6839
Yarborough	6839
Pounds	6838
Flagg	6834
Bonham	6832
Hughey	6830
Howes	6828
Totten	6828
Lien	6827
Nelsen	6825
Anton	6823
Justus	6821
Waltz	6819
Tyner	6819
Kaufmann	6818
Gass	6818
Denis	6818
Trainor	6816
Bechtel	6813
Richie	6812
Geller	6810
Larosa	6808
Ard	6807
Rutkowski	6805
Brody	6805
Damato	6804
Turney	6803
Tindall	6802
Pinckney	6800
Eisenberg	6798
Grisham	6798
Hutcherson	6795
Woodcock	6794
Koller	6792
Dionne	6788
Prior	6787
Eby	6786
Hetrick	6784
Wellington	6784
Hamer	6783
Furlong	6783
Porterfield	6780
Sarver	6780
Schumann	6777
Loftis	6777
Hulse	6776
Guarino	6775
Rickman	6774
Borrego	6772
Born	6771
Vaccaro	6766
Greenwell	6765
Sills	6761
Forney	6755
Hoag	6752
Thorson	6752
Dreyer	6751
Woolley	6749
Dumont	6748
Rath	6747
Kidder	6746
Holbert	6746
Harless	6746
Fulcher	6745
Salomon	6745
Mcmaster	6744
Kistler	6742
Roeder	6742
Winfrey	6740
Weigel	6740
Aziz	6740
Cooksey	6740
Loftin	6739
Conger	6737
Albritton	6737
Wisdom	6734
Bremer	6733
Rountree	6726
Roybal	6725
Zachary	6724
Somerville	6721
Gandhi	6721
Orton	6720
Fife	6719
Farah	6718
Farkas	6714
Kerrigan	6714
Lash	6712
Ribeiro	6712
Schnell	6708
Arena	6706
Kesler	6704
Colton	6704
Mandel	6703
Gilmer	6697
Ison	6697
Stott	6693
Bejarano	6692
Nowlin	6692
Brush	6690
Vanover	6689
Mashburn	6688
Mackie	6686
Vanpelt	6685
Byars	6683
Claudio	6679
Dacosta	6679
Lavin	6679
Darr	6677
Dombrowski	6676
Marchese	6670
Lashley	6669
Towne	6666
Laurent	6665
Hembree	6665
Greenwald	6664
Stockwell	6664
Haile	6663
Musgrove	6660
Boettcher	6659
Stowers	6657
Metzler	6657
Kieffer	6656
La	6655
Mcdougall	6655
Hasty	6654
Roden	6653
Pedro	6649
Peel	6647
Chrisman	6647
Broadway	6647
Harrigan	6646
Dorris	6644
Bordelon	6644
Batiste	6640
Baran	6640
Desouza	6639
Kiley	6639
Pitre	6637
Nazario	6636
Cantwell	6635
Huebner	6635
Brasher	6634
Wessel	6630
Pabon	6630
Bowe	6628
Deese	6626
Maggard	6625
Felts	6621
Rife	6620
Cowell	6618
Novotny	6617
Escalera	6616
Viola	6616
Vollmer	6614
Burchfield	6612
Byron	6610
Marchand	6610
Heiser	6606
Keil	6603
Mulcahy	6595
Amundson	6594
Raley	6593
Leeper	6593
Hadden	6593
Pine	6592
Fortenberry	6589
Tuggle	6589
Bays	6588
Brodie	6585
Conyers	6583
Mallard	6583
Richman	6583
Rocco	6583
Leija	6580
Koster	6580
Riedel	6578
Beeman	6578
Birmingham	6577
Wasserman	6577
Correll	6577
Silverstein	6576
Hume	6573
Lowell	6569
Copley	6568
Hazelwood	6567
Rawlins	6566
Horsley	6565
Cobbs	6565
Karl	6564
Beaudoin	6562
Stocker	6561
Scribner	6558
Erdman	6558
Brophy	6557
Baines	6557
Mallett	6556
Barcia	6555
Mccleary	6554
Gower	6554
Giese	6553
Mathes	6553
Neilson	6553
Ladner	6551
Beiler	6549
Yin	6548
Marlowe	6543
Recinos	6540
Tibbetts	6538
Lehr	6537
Marston	6535
Mouton	6535
Plank	6534
Toole	6534
Morelli	6532
Ferrante	6532
Corn	6528
Alberto	6528
Sorto	6523
Buell	6522
Bias	6518
Caraway	6517
Emanuel	6517
Howerton	6516
Delao	6515
Chaplin	6513
Gottlieb	6509
Grenier	6509
Hermosillo	6508
Cotto	6506
Mohler	6506
Nuno	6506
Lohr	6506
Strait	6505
Yocum	6504
Rashid	6504
Ruble	6503
Arreguin	6501
Catron	6501
Doane	6501
Wyant	6498
Melancon	6496
Lizarraga	6494
Donnell	6494
Hartzell	6494
Denison	6490
Alfred	6490
Sauls	6490
Saucier	6489
Giraldo	6489
Brigham	6485
Pohl	6485
Rosenfeld	6484
Stebbins	6484
Cushing	6480
Canter	6477
Billups	6475
Valentino	6474
Newhouse	6471
Campo	6470
Hatley	6468
Hack	6468
Rathbun	6467
Atherton	6466
Laing	6465
Pablo	6462
Sheikh	6462
Witmer	6461
Chitwood	6461
Rigby	6458
August	6456
Weil	6455
Stowell	6455
Kissinger	6455
Deane	6454
Ingalls	6453
Fee	6453
Blanchette	6452
Blaine	6451
Quan	6451
Eberhardt	6450
Rounds	6447
Abad	6446
Walther	6444
Payan	6443
Messick	6441
Abercrombie	6439
Roundtree	6439
Marker	6438
Matthew	6436
Krantz	6436
Groth	6434
Yepez	6433
Chevalier	6431
Ritz	6430
Fell	6429
Babin	6426
Umana	6426
Theis	6425
Theriot	6424
Gist	6422
Soper	6421
Bogart	6420
Garces	6420
Hann	6420
Money	6420
Torrence	6419
Saechao	6419
Medlock	6416
Gammon	6415
Dollar	6414
Bolling	6414
Mumford	6413
Crittenden	6411
Hixson	6408
Obryan	6408
Albanese	6407
Delapaz	6404
Aguero	6402
Haynie	6400
Olivier	6400
Prichard	6400
Fairley	6398
Rawson	6395
Quirk	6392
Mudd	6391
Mchale	6391
Fulkerson	6391
Wyrick	6391
Carswell	6390
Ingersoll	6388
Hartnett	6387
Lett	6385
Dawes	6383
Hsieh	6382
Fawcett	6381
Lefebvre	6381
Pinkney	6378
Kwiatkowski	6377
Agustin	6375
Fike	6374
Hochstetler	6372
Soule	6372
Felipe	6370
Perrone	6368
Albarran	6366
Kempf	6364
Ramires	6362
Wingfield	6362
Gault	6360
Izaguirre	6358
Larkins	6357
Book	6356
Grillo	6355
Bunnell	6355
Mulholland	6353
Machuca	6351
Jarman	6351
Pape	6350
Bay	6350
Reza	6349
Warrick	6347
Huss	6346
Orth	6345
Wampler	6345
Lemoine	6343
Pender	6340
Galaviz	6339
Alejo	6339
Spiegel	6338
Baylor	6336
Hewett	6336
Landaverde	6336
Hoagland	6335
Wimmer	6334
Buehler	6333
Emerick	6333
Karnes	6333
Carty	6332
Pfaff	6331
Ozuna	6327
Kingsbury	6325
Cifuentes	6325
Luevano	6324
Shreve	6321
Mccrea	6320
Mclellan	6318
Gaynor	6318
Myer	6317
Parsley	6315
Mangan	6315
Passmore	6314
Manns	6312
Overby	6311
Morehouse	6309
Kocher	6308
Rohr	6308
Alger	6306
Musselman	6306
Mccluskey	6301
Runyan	6301
Halvorson	6298
Speck	6297
Weddle	6296
Hodson	6296
Palmieri	6296
Miracle	6291
Mansour	6291
Guerin	6291
Tinker	6291
Carrigan	6290
Kamara	6288
Cundiff	6283
Hardee	6283
Boylan	6280
Linden	6276
Pilgrim	6275
Dee	6275
Rascon	6274
Hassell	6273
Pitcher	6272
Probst	6271
Tait	6271
Mccants	6270
Milan	6268
Chambliss	6268
Doucet	6267
Silveira	6267
Rizo	6266
Barham	6266
Almazan	6265
Sprinkle	6265
Vandiver	6263
Chilton	6263
Schatz	6261
Oster	6259
Milne	6258
Whitehouse	6258
Vanderpool	6257
Gilligan	6257
Faria	6257
Rood	6254
Dew	6252
Duffey	6251
Dejong	6249
Browder	6249
Friedrich	6249
Ingraham	6248
Bumgarner	6246
Schenck	6245
Nam	6244
Labelle	6242
Dinkins	6242
Jacinto	6238
Jorge	6236
Rule	6236
Flemming	6234
Sellars	6232
Medellin	6231
Engstrom	6229
Thach	6229
Alberts	6229
Blanks	6229
Tse	6227
Stockman	6226
Munroe	6226
Duhon	6223
Coffee	6223
Hillard	6223
Ream	6222
Bruton	6221
Roa	6221
Tribble	6220
Brake	6220
Marley	6220
Ignacio	6219
Shine	6217
Click	6216
Moritz	6216
Cowles	6215
Harbison	6215
Mcswain	6213
Chinn	6211
Yip	6208
Saravia	6207
Gabbard	6205
Watanabe	6204
Bae	6203
Burd	6202
Varga	6201
Alegria	6200
Homer	6198
Kirkman	6197
Engler	6194
Burwell	6193
Callaghan	6191
Meacham	6190
Mohan	6188
Atchley	6187
Rhoden	6187
Tapp	6186
Osgood	6186
Chairez	6186
Geisler	6185
Hershey	6182
Castrejon	6180
Dipietro	6180
Nolte	6180
Searles	6178
Word	6177
Stumpf	6173
Strader	6172
Obregon	6172
Bayless	6171
Northcutt	6170
Pennell	6170
Lemmon	6170
Diep	6168
Chalmers	6166
Weiland	6163
Trask	6162
Cooks	6157
Lui	6156
Latta	6155
Wilber	6155
Ashmore	6155
Salyers	6152
Monzon	6151
Edmunds	6151
Bojorquez	6147
Orona	6145
Yim	6144
Lockard	6141
Diego	6141
Harold	6141
Ligon	6140
Stilwell	6138
Settles	6137
Dossantos	6137
Earls	6136
Kellum	6136
Mandujano	6133
Denman	6133
Castano	6133
Tedesco	6133
Alderson	6130
Arvizu	6130
Bedolla	6127
Coakley	6127
Ismail	6126
Brister	6123
Xiao	6123
Elmer	6119
Shaughnessy	6117
Christopherson	6115
Serra	6114
Paradis	6113
Nowell	6112
Massa	6111
Edens	6110
Wooley	6109
Lamm	6105
Cravens	6104
Gosselin	6104
Aguila	6103
Radtke	6099
Strobel	6097
Hoch	6095
Deweese	6095
Renaud	6094
Lazar	6093
Humes	6093
Distefano	6091
Petit	6090
Barnum	6090
Evenson	6088
Avendano	6086
Zahn	6086
Hesse	6084
Chaudhry	6084
Mcginty	6084
Fielding	6081
Berndt	6081
Strickler	6079
Funes	6079
Gong	6079
Hamann	6078
Kuhlman	6078
Hilbert	6077
Mayers	6076
Paschal	6075
Plaza	6075
Lavelle	6074
Bergen	6074
Mcclary	6070
Gilpin	6070
Sonnier	6068
Thorp	6067
Berube	6067
Chaparro	6066
Marra	6065
Pinedo	6065
Whetstone	6064
Shaikh	6063
Castor	6063
Mulkey	6061
Ledoux	6058
Funderburk	6058
Hindman	6056
Nowicki	6056
Chaffee	6053
Maupin	6051
Scofield	6048
Sim	6047
Freese	6047
Bedard	6046
Abeyta	6046
Hollenbeck	6043
Klug	6041
Nason	6040
Parton	6039
Futrell	6038
Duron	6037
Cordes	6035
Duda	6034
Fender	6034
Lampkin	6034
Maes	6033
Ehrlich	6031
Bott	6029
Schaub	6027
Alva	6026
Almaguer	6023
Deckard	6022
Messenger	6022
Klotz	6021
Harr	6021
Bixler	6021
Shirey	6020
Kao	6018
Kimbrell	6016
Flack	6016
Roney	6015
Azevedo	6014
Fitts	6014
Ericson	6014
Luck	6008
Leonardo	6007
Guadarrama	6006
Papa	6005
Donofrio	6004
Crutcher	6004
Benefield	6004
Wiegand	6004
Armas	6002
Corbitt	6002
Carper	6002
Caskey	5997
Eicher	5997
Folk	5996
Baldridge	5996
Durst	5995
Vansickle	5994
Tankersley	5990
Rieger	5989
Bedell	5989
Quillen	5989
Maxfield	5987
Beaman	5980
Kipp	5978
Hossain	5978
Hubbell	5977
Izquierdo	5974
Caban	5974
Sipe	5974
Costanzo	5970
Hemingway	5970
Hoffer	5969
Krohn	5969
Slate	5969
Truax	5968
Mclaren	5968
Schick	5967
Kiernan	5966
Geist	5966
Sadowski	5965
Hendershot	5963
Downes	5956
Mcginn	5955
Llewellyn	5955
Bard	5953
Federico	5951
Peraza	5949
Radcliffe	5948
Jacks	5946
Stitt	5946
Eberle	5944
Buie	5943
Doerr	5942
Larry	5942
Shriver	5942
Garnica	5941
Gerdes	5940
Pardue	5940
Boardman	5938
Quiroga	5937
Deering	5936
Gourley	5934
Delcid	5933
Bridge	5933
Grimaldo	5931
Beer	5931
Bettis	5931
Banta	5931
Bloomfield	5928
Koerner	5928
Fore	5927
Reinke	5926
Dizon	5924
Frierson	5923
Marcotte	5923
Bentz	5923
Thurmond	5922
Mink	5922
Suazo	5921
Sorrells	5921
Wingo	5913
Hartwig	5913
Stoltz	5912
Neubauer	5911
Hatten	5907
Alt	5906
Tull	5904
Sayles	5902
Ochs	5901
Boatman	5899
Blakley	5898
Lao	5897
Malinowski	5895
Markle	5893
Teeter	5892
Decarlo	5889
Fancher	5888
Leos	5888
Sturgis	5885
Fritts	5883
Kahler	5881
Remington	5881
Cory	5879
Crossley	5878
Maggio	5877
Baumgardner	5877
Tudor	5877
Hargett	5876
Schaller	5875
Vanburen	5874
Lombard	5873
Mustafa	5873
Kuhl	5872
Koonce	5870
Wen	5870
Thibault	5870
Spinks	5868
Cowley	5868
Buckman	5868
Dibble	5866
Hillis	5866
Halpin	5865
Jaffe	5865
Shupe	5861
Albano	5860
Karas	5858
Plant	5858
Milliken	5857
Mccaskill	5857
Nickell	5855
Theriault	5855
Mintz	5853
Crabb	5851
Bogle	5851
Treadwell	5851
Kibler	5849
Peeler	5848
Grimsley	5848
Gudino	5847
Nester	5847
Seale	5846
Stackhouse	5844
Frizzell	5840
Mincey	5839
Marchant	5834
Philip	5832
Turnage	5831
Wan	5831
Barner	5827
Blume	5826
Sandy	5826
Godsey	5826
Mcnamee	5825
Bellinger	5825
Behnke	5824
Bode	5824
Derby	5822
Montesdeoca	5820
Lanza	5819
Arceneaux	5818
Risner	5816
Mcclinton	5816
Daughtry	5816
Dorr	5814
Pelaez	5810
Dickman	5809
Oliphant	5808
Lally	5808
Antunez	5808
Elston	5803
Loeffler	5801
Prendergast	5800
Ballou	5800
Kilmer	5799
Ducharme	5797
Lux	5796
Marble	5796
Lippert	5794
Dearing	5794
Haire	5794
Palafox	5793
Darrow	5791
Mcgriff	5789
Tyrrell	5788
Sandifer	5786
Claxton	5786
Meagher	5784
Toy	5784
Harkness	5783
Hamill	5781
Bartz	5781
Moats	5778
Petro	5777
Moniz	5775
Hagler	5775
Stambaugh	5775
Zinn	5774
Huizar	5774
Esqueda	5773
Blood	5770
Schuman	5770
Hui	5769
Olmedo	5768
Loveland	5766
Balderrama	5766
Iqbal	5764
Gallego	5763
Wilk	5763
Sigmon	5760
Capers	5759
Rex	5758
Gregoire	5757
Sylvia	5756
Barden	5755
Beecher	5755
Khoury	5753
Pelton	5753
Penney	5752
Hagerty	5750
Mcgehee	5749
Alden	5748
Boring	5746
Pires	5746
Lachance	5744
Jaynes	5741
Banner	5739
Specht	5738
Hollister	5736
Brinker	5736
Sackett	5735
Bost	5734
Berryhill	5733
Mcauliffe	5733
Olinger	5732
Thompkins	5732
Hallett	5731
Meng	5729
Lawlor	5729
Karim	5729
Callender	5728
Cerna	5726
Hatchett	5726
Tolley	5726
Dana	5723
Nestor	5723
Nicholls	5722
Walston	5721
Voorhees	5720
Kinser	5720
Coward	5720
Cotten	5719
Scheer	5719
Blais	5718
Nabors	5718
Bayne	5716
Mcevoy	5713
Olive	5712
Campa	5709
Crayton	5709
Parkhurst	5708
Madigan	5707
Rhinehart	5707
Theisen	5707
Herold	5705
Lightner	5701
Riojas	5699
Monreal	5698
Trudeau	5697
Leatherman	5696
Gartner	5694
Angle	5693
Dilley	5692
Magill	5692
Benz	5691
Brummett	5690
Mccrory	5689
Macmillan	5688
Carmody	5688
Svoboda	5686
Bustillos	5684
Bivins	5681
Salvatore	5680
Chesser	5675
Gragg	5675
Helmer	5674
Carrico	5673
Phifer	5671
Maravilla	5669
Fogg	5669
Deck	5668
Rahn	5668
Arambula	5668
Northrup	5663
Witkowski	5662
Waits	5661
Byerly	5661
Dillman	5660
Boatright	5659
Rolon	5658
Marrs	5658
Thelen	5657
Fite	5656
Heintz	5655
Kirksey	5654
Scanlan	5654
Pierrelouis	5653
Savoie	5652
Suter	5648
Carmack	5648
Dreher	5644
Emory	5641
Terrill	5641
Hollander	5640
Mclane	5640
Mohammad	5639
Munger	5639
Hotchkiss	5639
Uddin	5639
Koon	5638
Kwong	5637
Goulet	5637
Byrum	5637
Hollinger	5634
Farina	5633
Laguna	5633
Zacarias	5633
Wold	5631
Worsham	5631
Tolson	5630
Hight	5629
Brenneman	5629
Briley	5629
Westcott	5626
Arbogast	5625
Coria	5625
Franzen	5621
Lamas	5621
Elizalde	5620
Agosto	5619
Laroche	5618
Honaker	5617
Mccomb	5616
Kowalczyk	5615
Vestal	5614
Kavanaugh	5611
Georges	5611
Gause	5610
Hickson	5610
Matta	5610
Salguero	5610
Milano	5609
Comeau	5609
Lowrey	5607
Dutcher	5605
Pipkin	5604
Sikora	5604
Marlin	5602
Christmas	5599
Fernando	5596
Hudak	5593
Coelho	5593
Kennard	5592
Pridgen	5591
Hendry	5591
Bane	5591
Ellingson	5590
Laboy	5590
Appleton	5588
Priddy	5586
Hibbs	5585
Rodman	5585
Helmick	5583
Landau	5582
Lessard	5582
Gaskill	5581
Macpherson	5579
Keeley	5578
Hanrahan	5578
Karp	5577
Slaton	5577
Abner	5577
Bromley	5576
Storms	5575
Lafrance	5574
Wendel	5572
Seely	5571
Mitchel	5570
Bartel	5568
Mao	5565
Cress	5565
Benally	5562
Mccraw	5561
Houk	5560
Dalessandro	5559
Sokol	5559
Philpot	5558
Appleby	5556
Crone	5555
Hawkes	5555
Olszewski	5554
Dancy	5551
Voyles	5551
Waldman	5549
Dever	5549
Marriott	5547
Celis	5546
Fouts	5545
Lejeune	5544
Viramontes	5544
Bagby	5542
Perrine	5541
Heisler	5539
Deason	5539
Petry	5538
Oberg	5537
Julien	5535
Shrestha	5535
Said	5535
Stancil	5532
Gu	5532
Thom	5531
Rivard	5530
Villar	5530
Carder	5529
Natale	5529
Conners	5528
Eagan	5528
Winder	5527
Bigham	5525
Ryals	5523
Truman	5521
Mortimer	5521
Dudek	5519
Matney	5518
Beckner	5516
Verdin	5515
Villeda	5514
Adrian	5514
Abram	5514
Sanmiguel	5513
Burcham	5512
Paulk	5511
Schutte	5511
Silvia	5511
Breland	5510
Dulaney	5507
Steinke	5506
Verma	5506
Woodman	5505
Bodnar	5502
Lees	5502
Hambrick	5501
Curtiss	5500
Tedder	5500
Brookins	5499
Nordstrom	5498
Rossman	5498
Birdsong	5498
Osteen	5497
Sabin	5496
Gonsalez	5495
Hageman	5494
Bramlett	5494
Deberry	5493
Rackley	5488
Harker	5485
Bracey	5485
Rickert	5483
Stricklin	5483
Mathieu	5483
Mielke	5482
Deming	5482
Brett	5482
Carothers	5480
Chartier	5479
Ruano	5478
Soler	5477
Alex	5476
Lenhart	5476
Baber	5474
Lefevre	5472
Brookshire	5472
Caton	5467
Halloran	5465
Lawhorn	5465
Furtado	5464
Widener	5464
Schauer	5463
Saad	5461
Riffle	5461
Stamm	5461
Headrick	5459
Kwok	5458
Kite	5457
Mciver	5457
Mapes	5456
Bushey	5456
Cronk	5456
Oquendo	5455
Amerson	5455
Bey	5453
Burgin	5453
Knecht	5452
Cawley	5451
Mcculley	5450
Reinert	5450
Lowder	5449
Vermillion	5449
Senn	5448
Hildebrandt	5448
Awad	5446
Speight	5445
Avant	5443
Constantino	5442
Degroot	5442
Korn	5442
Koons	5442
Judkins	5442
Pfister	5441
Oquinn	5439
Agarwal	5436
Markey	5435
Hamlett	5435
Luckey	5434
Mader	5434
Plata	5432
Mizell	5429
Hensel	5429
Beckley	5429
Ridgway	5429
Edelman	5428
Eggert	5427
Hagerman	5426
Lupo	5425
Mcardle	5424
Desrosiers	5423
Aycock	5422
Weiser	5421
Galdamez	5419
Spiller	5418
Beason	5414
Legrand	5413
Warwick	5411
Wayman	5411
Stillman	5411
Weatherspoon	5409
Levitt	5407
Reeve	5406
Pepe	5405
Cosme	5405
Gagliardi	5404
Jeong	5404
Bancroft	5404
Vice	5403
Garmon	5403
Loucks	5403
Faris	5401
Bolduc	5401
Burgett	5399
Demoss	5399
Hash	5397
Overman	5396
Delano	5392
Salley	5392
Pilcher	5391
Kephart	5390
Sink	5388
Magallon	5387
Conant	5386
Sterner	5385
Mahmood	5384
Monday	5379
Solberg	5379
Rothman	5379
Rittenhouse	5378
Dryden	5378
Harney	5376
Mar	5375
Schaaf	5375
Carino	5373
Cage	5372
Dhillon	5371
Harness	5371
Mauricio	5371
Casiano	5369
Studer	5368
Carruthers	5367
Brewington	5366
Grau	5365
Kreider	5365
Howlett	5364
Tarango	5360
Flinn	5359
Breeding	5358
Cabello	5358
Wortham	5358
Decastro	5354
Groce	5351
Penner	5349
Bhatt	5349
Squire	5349
Sievers	5349
Armbruster	5345
Peabody	5345
Dorado	5345
Busse	5344
Flournoy	5344
Mix	5344
Brazil	5343
Strawn	5343
Rego	5342
Kerley	5342
Mickens	5339
Skeen	5338
Neese	5335
Curl	5335
Mcphail	5333
Robey	5333
Barroso	5333
Spinelli	5332
Noah	5332
Piotrowski	5332
Pawlowski	5332
Klaus	5328
Govea	5327
Haupt	5327
Elwell	5326
Schroder	5325
Mcmillin	5323
Golding	5321
Babbitt	5320
Stith	5319
Cofield	5319
Whitmer	5317
Reel	5316
Pirtle	5315
Wolcott	5315
Wieland	5314
Mckean	5314
Spell	5313
Womble	5311
Fick	5311
Dandrea	5310
Swaim	5310
Muncy	5308
Schutz	5307
Reavis	5305
Moskowitz	5304
Hinman	5303
Delia	5301
Kavanagh	5301
Mick	5299
Woolard	5296
Reber	5295
Rai	5295
Peres	5294
Gillett	5293
Gadson	5291
Lampe	5290
Koski	5288
Rager	5287
Barriga	5286
Gaspard	5285
Grose	5285
Simonds	5284
Ringer	5283
Fix	5282
Burkhalter	5282
Brehm	5282
Malave	5278
Shumway	5278
Downer	5277
Witcher	5275
Schmit	5274
Suzuki	5274
Jamerson	5273
Constantine	5272
Paddock	5272
Bono	5272
Zajac	5270
Sansone	5270
Corson	5268
Giddings	5267
Naughton	5264
Newcomer	5263
Blessing	5263
Wyckoff	5262
Feliz	5261
Haun	5261
Hecker	5260
Kaylor	5260
Bosworth	5260
Leathers	5259
Haber	5258
Catlett	5258
Erskine	5258
Kato	5257
Zito	5257
Whittemore	5256
Bucci	5256
Mazariegos	5255
Tsosie	5255
Choy	5254
Vining	5253
Escoto	5249
Eastwood	5247
Ren	5247
Aronson	5247
Tew	5247
Bill	5246
Grow	5246
Hix	5244
Gerald	5244
Uhl	5244
Flory	5243
Esteban	5240
Burbank	5240
Baier	5238
Child	5237
Broom	5236
Riddell	5236
You	5234
Kile	5234
Gervais	5233
Radcliff	5232
Kratz	5231
Visser	5231
Steger	5231
Telles	5230
Ruggles	5228
Shattuck	5228
Gregorio	5228
Rumsey	5226
Delk	5222
Mahler	5222
Marmolejo	5221
Lechuga	5221
Alvey	5220
Cashman	5219
Dave	5218
Greaves	5217
Pattison	5217
Wesson	5217
Kahl	5215
Hulbert	5214
Robin	5212
Sherlock	5211
Melgoza	5211
Allgood	5210
Raab	5208
Dorsett	5208
Carcamo	5205
Colombo	5205
Wescott	5205
Wilmoth	5205
Pettus	5204
Macy	5203
Reiner	5202
Claiborne	5201
Oswalt	5198
Berumen	5195
Goodall	5193
Cairns	5192
Wiener	5191
Tallent	5191
Gambrell	5190
Mallon	5188
Esquibel	5187
Hafner	5187
Wester	5187
Stadler	5186
Ruppert	5186
Lander	5186
Manchester	5182
Milian	5181
Delosreyes	5177
Zak	5177
Woodring	5176
Bushnell	5176
Corpuz	5176
Leffler	5176
Veloz	5173
Berglund	5173
Skiles	5172
Cannady	5172
Fenn	5172
Eubank	5171
Paulus	5171
Peppers	5171
Showers	5171
Mak	5170
Cunha	5170
Scholz	5169
Cespedes	5168
Gambino	5168
Shoup	5164
Stricker	5164
Sauter	5163
Hardaway	5163
Endres	5163
Macgregor	5161
Wrenn	5160
Warnock	5159
Gaylord	5159
Stlouis	5158
Turman	5155
Stansbury	5152
Roscoe	5152
Garofalo	5152
Mcgough	5150
Abbey	5150
Mccandless	5149
Dominick	5149
Hartung	5148
Genovese	5147
Mccafferty	5147
Levinson	5147
Lemos	5147
Kiel	5146
Hammel	5146
Shrum	5146
Rigdon	5145
Matz	5143
Beane	5142
Kranz	5141
Yanes	5140
Runge	5139
Knighton	5139
Benfield	5138
Peake	5137
Henkel	5135
Depew	5135
Capone	5135
Delp	5134
Nalley	5134
Lalonde	5134
Shelly	5134
Wales	5133
Kain	5132
Persinger	5131
Rubalcava	5130
Marron	5129
Ohare	5128
Napoli	5127
Pugliese	5126
Majewski	5126
Hazlett	5122
Shaner	5121
Greenway	5120
Kellar	5120
Moralez	5120
Mcmullin	5119
Detweiler	5119
Devoe	5118
Reams	5118
Westerman	5117
Kizer	5116
Royce	5115
Eversole	5114
Groom	5114
Hunsaker	5114
Littrell	5111
Barrick	5111
Quijano	5110
Pizano	5110
Loggins	5109
Kershaw	5109
Race	5108
Cottle	5108
Dishman	5106
Brumbaugh	5103
Beachy	5102
Tatro	5102
Roebuck	5100
Gehring	5100
Cusick	5099
Leech	5099
Manion	5099
Martinelli	5099
Piedra	5098
Proulx	5096
Rae	5094
Youmans	5092
Turcotte	5092
Calle	5091
Hixon	5091
Egbert	5089
Massaro	5089
Lewin	5088
Brotherton	5086
Galbreath	5083
Burson	5082
Hammack	5080
Frazee	5078
Beauregard	5078
Standridge	5078
Forest	5076
Dore	5075
Vanbuskirk	5073
Donner	5068
Flatt	5068
Fidler	5068
Maloy	5068
Lattimore	5068
Carrell	5067
Townes	5067
Yen	5066
Toner	5065
Bierman	5064
Lammers	5061
Johanson	5061
Fall	5060
Gillum	5060
Fermin	5057
Satterwhite	5057
Runnels	5055
Heine	5054
Melson	5054
Muth	5054
Leak	5053
Hollowell	5053
Candelario	5053
Arrieta	5053
Marcos	5052
Nevins	5052
Roos	5051
Fricke	5048
Mach	5047
Talamantes	5047
Kenner	5045
Kitts	5045
Harriman	5045
Pagel	5043
Arora	5043
Bodine	5042
Hickerson	5041
Etter	5039
Messner	5039
Bissell	5039
Rome	5037
Ley	5037
Forester	5037
Dyke	5037
Ussery	5036
Daggett	5035
Frisch	5033
Coney	5032
Boyette	5032
Forde	5031
Haworth	5030
Briceno	5030
Parmer	5029
Brooke	5027
Amick	5026
Sawyers	5026
Willie	5025
Wojciechowski	5023
Rue	5023
Perron	5023
Calzada	5022
Poff	5021
Peavy	5016
Stanek	5014
Slusher	5014
Nicol	5012
Gainer	5012
Gladney	5012
Roll	5011
Ables	5010
Gottschalk	5010
Dinsmore	5008
Gerhardt	5007
Martineau	5006
Mcshane	5006
Granado	5004
Finger	5004
Vital	5004
Staub	5004
Torrey	5004
Elwood	5000
Mccown	5000
Ceron	4998
Fraga	4998
Neves	4997
Batres	4996
Benge	4995
Tseng	4994
Mcminn	4993
Kight	4992
Zhong	4991
Boley	4990
Cowen	4990
Gott	4989
Haug	4989
Aucoin	4989
Woodford	4989
Bergmann	4988
Zendejas	4988
Cate	4987
Toms	4986
Crumpton	4985
Broadnax	4983
Wingard	4983
Viveros	4983
Langan	4982
Musgrave	4982
Bushman	4981
Gebhardt	4981
Cobos	4980
Brooker	4979
Volz	4978
Youngs	4977
Schuh	4976
Dowdell	4976
Radke	4976
Kessel	4976
Dingman	4974
Guyer	4974
Abbas	4974
Fogel	4973
Ding	4973
Chee	4973
Hyder	4971
Fregoso	4969
Coston	4969
Addington	4968
Bowes	4967
Coulson	4966
Fuhrman	4965
Lavallee	4965
Mitchem	4965
Nissen	4964
Steelman	4964
Silvas	4963
Killion	4960
Hostetter	4960
Cool	4958
Lebeau	4958
Mckibben	4958
Shim	4958
Sorrentino	4956
Ballenger	4956
Benham	4955
Gilstrap	4954
Jefferies	4953
Navas	4953
Kingery	4952
Toland	4952
Kurth	4951
Nickels	4949
Gormley	4949
Breckenridge	4949
Abrahamson	4948
Steffens	4947
Vizcarra	4946
Nave	4946
Hayman	4945
Clapper	4944
Brace	4943
Tighe	4942
Tinajero	4940
Setzer	4940
Music	4940
Thrower	4938
Ayon	4937
Ahumada	4937
Aikens	4936
Chiles	4936
Livengood	4935
Shih	4935
Fleury	4934
Habib	4932
Hallock	4930
Fast	4929
Takahashi	4928
Hovey	4927
Collette	4927
Engelhardt	4924
Koo	4923
Torgerson	4923
Bannon	4921
Burg	4919
Kuehl	4918
Calder	4915
Gurule	4915
Bernabe	4915
Eckman	4914
Villalba	4913
Kyles	4911
Wilmot	4910
Harrod	4909
Quijada	4908
Nieman	4907
Brauer	4906
Braddock	4906
Arzate	4906
Summerville	4905
Burford	4905
Wight	4904
Scharf	4901
Therrien	4900
Savino	4899
Chipman	4899
Mingo	4899
Gasper	4898
Cimino	4897
Weinberger	4897
Veach	4896
Harbaugh	4895
Liddell	4892
Acton	4892
Jeanlouis	4891
Liston	4888
Ku	4888
Pearsall	4888
Im	4887
Shetler	4886
Giroux	4885
Peckham	4885
Harrold	4884
Ronquillo	4881
Carley	4880
Sattler	4879
Saiz	4878
Beaumont	4878
Halbert	4878
Gloria	4878
Guadalupe	4877
Siu	4877
Welty	4876
Darcy	4876
Ready	4875
Abramson	4875
Cervantez	4874
Erazo	4873
Hupp	4871
Feaster	4871
Tiffany	4871
Eades	4870
Heyward	4867
Jaworski	4865
Hom	4863
Eberhart	4862
Marti	4860
Burciaga	4856
Swinney	4856
Sass	4856
Koval	4855
Gasca	4854
Fortney	4853
Gwinn	4852
Cassel	4851
Jahn	4850
Cahoon	4849
Detwiler	4849
Moorer	4849
Leland	4848
Marty	4848
Eley	4848
Holladay	4845
Loudermilk	4845
Neary	4844
Thomasson	4844
Borg	4843
Barrington	4843
Fordham	4838
Dibenedetto	4838
Arguelles	4837
Holler	4836
Racine	4836
Whiteley	4834
Rubenstein	4833
Holmberg	4832
Gustin	4832
Canas	4832
Catlin	4831
Orcutt	4831
Mirza	4831
Pastrana	4830
Lobo	4830
Cockerham	4830
Brammer	4830
Brockway	4828
Nez	4827
Nay	4826
Chaidez	4826
Berner	4826
Hinrichs	4825
Raper	4825
Summerlin	4824
Bly	4823
Waltman	4822
Renfroe	4822
Boisvert	4821
Suttles	4821
Rolle	4819
Aguinaga	4818
Moyers	4818
Letourneau	4818
Dull	4818
Dortch	4817
Bloch	4817
Sigala	4817
Peach	4815
Neighbors	4814
Gaudet	4814
Dones	4813
Carballo	4813
Mccomas	4812
Fussell	4810
Sand	4810
Pettway	4807
Hileman	4806
Toombs	4806
Bolinger	4805
Gilbreath	4804
Pedigo	4804
Herd	4803
Omeara	4801
Corso	4798
Eberly	4796
Sohn	4796
Sidhu	4795
Ewell	4794
Mowry	4793
Merriweather	4793
Swindle	4793
Whitford	4793
Biggers	4792
Omara	4792
Moorehead	4791
Gillispie	4791
Dillingham	4791
Nicely	4789
Lussier	4786
Tyndall	4786
Bent	4785
Bryce	4785
Fulk	4785
Southworth	4783
Sheehy	4782
Barnwell	4781
Gwin	4781
Malek	4780
Troxell	4780
Abshire	4778
Stultz	4778
Stroh	4777
Kangas	4776
Spillman	4775
Carillo	4774
Mayle	4773
Nigro	4773
Melcher	4772
Ecker	4772
Zurita	4770
Treat	4765
Henshaw	4765
Leininger	4765
Nesbit	4765
Blain	4764
Kindred	4763
Fears	4762
Endicott	4761
Welton	4761
Stotts	4760
Rodrigue	4759
Alatorre	4759
Castorena	4759
Parke	4759
Campuzano	4758
Canchola	4758
Wysocki	4758
Truesdale	4757
Farnham	4757
Grigg	4757
Lindeman	4757
Kissel	4756
Polley	4756
Gandara	4754
Doering	4754
Aubrey	4753
Wilborn	4752
Hooten	4751
Ousley	4751
Berkley	4750
Rinker	4750
Mapp	4749
Ernest	4745
Cordoba	4744
Montana	4744
Barley	4744
Propst	4743
Lozoya	4743
Maze	4742
Edgerton	4740
Carlile	4739
Hock	4739
Glidden	4739
Mcatee	4739
Wittman	4739
Shilling	4738
Criss	4738
Millen	4737
Juliano	4735
Voelker	4735
Westover	4734
Moten	4734
Freitag	4733
Maynor	4732
Lepore	4731
Pepin	4731
Desilva	4731
Walley	4730
Stringfellow	4730
Silas	4729
Welter	4729
Deaver	4729
Gard	4729
Bartell	4726
Botelho	4726
Metcalfe	4725
Ledet	4725
Laureano	4724
Gamino	4724
Alfano	4724
Huckaby	4723
Dai	4723
Landin	4722
Poulos	4722
Bemis	4722
Marsden	4718
Creed	4718
Izzo	4717
Cathcart	4716
Peden	4716
Benn	4716
Mcavoy	4715
Tingle	4712
Thaxton	4711
Cataldo	4711
Mccaslin	4709
Miceli	4708
Stocks	4708
Labonte	4706
Mattern	4705
Aden	4705
Villalta	4704
Rusch	4703
Melendrez	4703
Friel	4703
Kornegay	4702
Rusk	4701
Thrash	4701
Bible	4700
Waldo	4699
Haught	4699
Dilworth	4699
Bowler	4698
Baucom	4696
Manis	4696
Menefee	4695
Falco	4695
Newson	4693
Holst	4691
Hunnicutt	4690
Bah	4690
Schulman	4689
Gaeta	4688
Brunelle	4688
Fowlkes	4686
Lewallen	4686
Killingsworth	4686
Millsap	4685
Duty	4685
Boggess	4684
Revels	4683
Kunkle	4682
Kulp	4681
Arrowood	4681
Weng	4680
Searle	4680
Celestine	4680
Mullinax	4679
Toribio	4679
Ansari	4679
Barta	4678
Wildman	4678
Bang	4676
Howie	4676
Alexandre	4675
Sain	4675
Sherer	4674
Spratt	4674
Enciso	4674
Chenoweth	4673
Nasser	4673
Lemley	4670
Marcial	4670
Arzola	4669
Bonnell	4668
Rook	4668
Rhone	4667
Ton	4667
Bidwell	4667
Lomas	4667
Moncrief	4665
Arneson	4665
Celaya	4664
Mcloughlin	4661
Sisneros	4661
Rude	4661
Valero	4660
Hipp	4660
Schutt	4658
Sheriff	4657
Hazelton	4656
Boutwell	4654
Lower	4653
Kwak	4652
Hulett	4652
Burress	4652
Hudspeth	4651
Maley	4651
Lunn	4650
Gaul	4650
Eichelberger	4647
Dufour	4647
Resnick	4647
Watford	4646
Winchell	4644
Sites	4644
Cribbs	4644
Middlebrooks	4643
Tristan	4642
Serafin	4641
Silvestri	4638
Tryon	4638
Rigney	4637
Nord	4635
Nickles	4634
Schram	4634
Millet	4631
Edmonson	4631
Mendieta	4630
Luker	4629
Mellon	4628
Quimby	4628
Eckstein	4628
Ahearn	4628
Weissman	4627
Pankey	4626
Ni	4624
Oliveros	4624
Campagna	4624
Buckles	4623
Brashear	4622
Spector	4622
Balbuena	4621
Santo	4620
Shealy	4620
Peery	4620
Medel	4620
Pete	4619
Swindell	4618
Naquin	4617
Charbonneau	4617
Colunga	4616
Gordillo	4616
Bybee	4614
Gast	4612
Dufresne	4611
Hudgens	4609
Melanson	4608
Schlueter	4608
Goodell	4607
Cadet	4607
Brook	4607
Macfarlane	4605
Keough	4605
Adames	4604
Beltz	4603
Brawner	4601
Wachter	4601
Theodore	4601
Stenger	4601
Lubin	4601
Fraire	4601
Belden	4600
Fenwick	4597
Feinberg	4596
Nightingale	4596
Lohman	4592
Finkelstein	4591
Futch	4591
Rick	4591
Scarlett	4590
Beggs	4590
Yap	4590
Humble	4588
Holliman	4586
Giglio	4586
Spikes	4586
Fullmer	4585
Maple	4585
Rayford	4584
Grube	4584
Pass	4583
Sandler	4583
Botts	4582
Klatt	4580
Grajeda	4580
Cardinal	4580
Eldred	4580
Pelkey	4579
Rothwell	4579
Sacks	4577
Stedman	4576
Dickenson	4575
Hinz	4574
Kates	4574
Swick	4574
Wyche	4573
Mariani	4573
Maxson	4573
Mcbroom	4573
Wortman	4572
Clair	4571
Wroblewski	4570
Via	4570
Weitzel	4569
Sok	4569
Cipriano	4569
Halliday	4568
Kell	4568
Landreth	4568
Larocca	4567
Grass	4567
Hackworth	4566
Bobadilla	4566
Alton	4565
Sussman	4565
Hardeman	4565
Litton	4564
Levan	4564
Poon	4564
Casale	4563
Cutter	4563
Seng	4563
Struble	4562
Spano	4561
Cofer	4561
Monte	4560
Keister	4560
Raby	4559
Brundage	4558
Blades	4558
Cyrus	4557
Hunley	4556
Hamman	4555
Hannigan	4554
Reiser	4554
Jessen	4553
Crim	4552
Lykins	4552
Mellott	4552
Pisano	4551
Yingling	4550
Staats	4549
Devaney	4549
Delvecchio	4548
Gurney	4547
Amezquita	4544
Burmeister	4543
Moffatt	4542
Macaluso	4542
Rolfe	4542
Crozier	4541
Surratt	4539
Boldt	4538
Rogan	4537
Gendron	4537
Haygood	4536
Ewald	4535
Liggett	4535
Dirks	4534
Dehaven	4532
Arruda	4532
Zorn	4531
Ebersole	4531
Callan	4531
Wacker	4530
Alejandre	4528
Mercurio	4528
Leverett	4527
Torre	4527
Croteau	4525
Hollifield	4525
Cargill	4524
Lacombe	4524
Tarin	4524
Midkiff	4523
Duck	4521
Eckhardt	4520
Cassady	4519
Ogletree	4519
Acree	4519
Ung	4519
Antonelli	4518
Zander	4518
Rhyne	4518
Leduc	4518
Kirschner	4517
Chick	4517
Batchelder	4517
Dabbs	4516
Bhatia	4515
Schlabach	4514
Gama	4513
Shanley	4511
Wolter	4511
Mccowan	4510
Oxford	4509
Findlay	4509
Cleaver	4509
Kulkarni	4506
Morfin	4505
Froehlich	4504
Bostwick	4502
Lodge	4501
Maria	4500
Hou	4500
Hassler	4499
Wulf	4499
Trott	4498
Bosco	4498
Menke	4498
Crossman	4497
Valley	4497
Suber	4495
Edmiston	4495
Lapierre	4494
Roof	4494
Wrobel	4493
Zou	4493
Fanelli	4493
Grullon	4492
Chea	4492
Chesney	4491
Cauley	4491
Marotta	4491
Perri	4491
Bonney	4491
Swart	4490
Breslin	4490
Digiovanni	4487
Gatto	4486
Matsumoto	4486
Tower	4486
Tharpe	4486
Standley	4486
Beamon	4485
Woolf	4485
Nealy	4485
Kiger	4484
Marinelli	4483
Raygoza	4482
Conard	4482
Astorga	4481
Bee	4480
Tolman	4480
Firestone	4480
Fontes	4478
Deel	4478
Thiele	4478
Weese	4478
Warrington	4477
Garver	4477
Behm	4476
Blackford	4476
Seymore	4474
Topete	4473
Fetters	4473
Edward	4473
Mcinerney	4473
Mejias	4472
Rabe	4472
Balch	4472
Mcfarlin	4471
Deen	4471
Dressler	4470
Oseguera	4470
Bessette	4469
Shropshire	4469
Swaney	4468
Drum	4468
Shockey	4467
Yamada	4467
Herren	4466
Hinshaw	4466
Boyett	4465
Hance	4464
Lambright	4463
Beaton	4462
Ruhl	4462
Walk	4460
Cavender	4460
Calixto	4458
Guillot	4457
Fillmore	4457
Peguero	4457
Sy	4457
Atencio	4456
Zermeno	4455
Dehoyos	4455
Bilodeau	4454
Blizzard	4453
Whitener	4453
Spina	4453
Kaminsky	4453
Smock	4452
Looper	4451
Garzon	4450
Canterbury	4449
Leatherwood	4449
Maddux	4448
Terrones	4448
Olea	4447
Garfield	4447
Hepler	4445
Boden	4445
Vong	4443
Wargo	4442
Annis	4442
Ressler	4442
Jiles	4441
Cantor	4441
Espiritu	4438
Lindemann	4438
Cureton	4437
Korte	4436
Messinger	4436
Raymer	4436
Markowitz	4435
Cullum	4435
Chisolm	4435
Seger	4434
More	4432
Mcquade	4430
Duquette	4429
Shuster	4428
Hans	4427
Hallmark	4426
Eldredge	4426
Tarrant	4425
Bridgeman	4424
Hammon	4424
Qiu	4424
Pell	4424
Judson	4422
Moxley	4421
Huck	4421
Englert	4421
Danley	4420
Perreault	4420
Caudillo	4418
Almendarez	4415
Messier	4413
Kolar	4413
Kilby	4412
Stivers	4412
Wanner	4411
Tung	4411
Leopold	4411
Merida	4411
Ivie	4411
Lazarus	4410
Conlin	4409
Ealy	4408
Kean	4408
Croom	4407
Hermes	4407
Fudge	4407
Barbieri	4407
Jeffcoat	4406
Landes	4404
Levasseur	4404
Kroeger	4402
Tai	4401
Teasley	4400
Pfeffer	4400
Converse	4400
Coen	4400
Toma	4399
Knepp	4398
Eiler	4397
Otten	4396
Hertel	4395
Tessier	4394
Arbuckle	4393
Towers	4392
Archambault	4391
Moultrie	4391
Reisinger	4390
Maroney	4390
Hilburn	4390
Lasher	4389
Otte	4387
Hector	4387
Sunderland	4387
Rozier	4386
Sala	4386
Devera	4386
Urquhart	4385
Wideman	4385
Yancy	4384
Mars	4384
Vanhouten	4383
Borrero	4383
Wilfong	4382
Owings	4381
Odum	4381
Eidson	4381
Cozart	4381
Curcio	4380
Timberlake	4380
Smythe	4379
Simmonds	4379
Soucy	4377
Sartin	4377
Dement	4376
Claypool	4376
Butterworth	4375
Mertens	4375
Renshaw	4374
Peele	4373
Plumb	4372
Mishra	4372
Donegan	4372
Bachmann	4372
Smedley	4371
Tooley	4371
Glisson	4370
Go	4370
Encinas	4369
Minnich	4369
Rushton	4369
Urbano	4368
Saito	4367
Raphael	4366
Kasten	4366
Malin	4365
Colston	4363
Snapp	4360
Alas	4358
Bottoms	4357
Jager	4356
Maye	4356
Melville	4355
Burkey	4354
Poteet	4353
Timms	4353
Sandstrom	4352
Moynihan	4352
Orange	4350
Heuer	4350
Brann	4350
Weidman	4350
Stites	4349
Halter	4349
Grimaldi	4349
Pigg	4349
Zabala	4348
Aitken	4347
Paiz	4347
Grizzle	4347
Brogdon	4346
Walcott	4346
Kerby	4345
Ito	4344
Abate	4344
Tippett	4344
Tittle	4343
Carlsen	4343
Caine	4343
Mcguinness	4342
Winger	4342
Strang	4341
Stgermain	4341
Lent	4341
Puryear	4339
Gober	4339
Birdwell	4339
Matt	4337
Kowal	4337
Pilkington	4336
Hartford	4336
Desjardins	4335
Gillman	4334
Tester	4334
Knorr	4333
Niemeyer	4332
Moorhead	4332
Coomer	4331
Seibel	4331
Utter	4331
Whitted	4330
Waring	4330
Kellner	4329
Ratcliffe	4327
Wine	4327
Flake	4326
Espitia	4324
Chicas	4324
Depalma	4324
Kellam	4323
Kushner	4323
Breton	4322
Bevins	4322
Drown	4321
Humbert	4321
Pascua	4321
Merz	4321
Nussbaum	4321
Gerhart	4319
Alleman	4318
Srinivasan	4317
Mathison	4316
Lingle	4316
Oxley	4315
Krieg	4314
Schmucker	4314
Mote	4313
Cosentino	4312
Santangelo	4312
Tabb	4312
Delreal	4311
Clare	4309
Chua	4309
Casares	4309
Stickney	4309
Won	4309
Weisman	4308
Straight	4307
Buller	4307
Diller	4306
Mortenson	4306
Lasley	4306
Bussell	4305
Lail	4304
Mcnew	4304
Tullis	4304
Bieber	4301
Stockdale	4301
Dingle	4301
Theobald	4300
Till	4299
Highsmith	4299
Higley	4298
Esser	4297
Hardiman	4296
Mccready	4296
Macdougall	4296
Paschall	4296
Wisner	4296
Warnick	4295
Favors	4295
Forsberg	4294
Labbe	4294
Witham	4293
Beaudry	4293
Vanness	4291
Kilburn	4290
Litchfield	4290
Lillie	4289
Herald	4289
Ballentine	4289
Atwater	4289
Bradfield	4288
Gideon	4287
Depriest	4287
Mcnaughton	4287
Tao	4286
Beckford	4285
Dixson	4285
Harvell	4284
Laskowski	4284
Ramer	4283
Heise	4282
Carleton	4282
Saddler	4282
Morell	4281
Novoa	4281
Woodland	4280
Noyola	4279
Chenault	4278
Harner	4277
Bedwell	4276
Dimarco	4275
Dambrosio	4275
Fortson	4273
Albin	4273
Fehr	4272
Niemi	4272
Mercedes	4272
Marchetti	4272
Hinkley	4271
Grewal	4270
Mangrum	4270
Mccollough	4269
Howarth	4269
Husted	4268
Witter	4268
Saltzman	4267
Gluck	4267
Fragoso	4267
Strachan	4266
Arceo	4265
Bumgardner	4264
Henninger	4262
Mattos	4260
Akhtar	4260
Nero	4259
Hertz	4257
Clift	4256
Marcano	4256
Kittle	4253
Jeon	4253
Kellerman	4252
Sabol	4250
Wert	4248
Belle	4246
Ippolito	4246
Greeley	4246
Doggett	4245
Tucci	4245
Hackman	4242
Perera	4242
Mullaney	4241
Desir	4241
Charron	4241
Turek	4241
Thies	4240
Grote	4240
Gerken	4240
Danforth	4239
Shope	4239
Shiver	4238
Whitacre	4238
Higuera	4238
Danko	4237
Huertas	4235
Newport	4235
Londono	4235
Dunlop	4234
Shouse	4234
Reveles	4233
Drennan	4233
Janis	4233
Powe	4233
Sanjuan	4232
Thurber	4232
Bloomer	4231
Holston	4231
Moise	4230
Poynter	4229
Prevost	4228
Mori	4228
Dicks	4228
Selman	4228
Hinckley	4227
Gambill	4227
Percy	4226
Gordy	4225
Hopp	4225
Dutra	4225
Sperling	4224
Paden	4223
Look	4222
Cortese	4221
Glasser	4221
Butz	4220
Kershner	4219
Alcazar	4219
Yung	4218
Bloodworth	4218
Pompa	4217
Doster	4215
Roseberry	4215
Angus	4214
Brian	4214
Seltzer	4213
Borkowski	4212
Florio	4211
Mullens	4210
Leasure	4210
Sotomayor	4210
Snelling	4210
Mensah	4209
Moller	4209
Derry	4209
Plourde	4208
Boozer	4208
Mccourt	4206
Cottingham	4206
Eugene	4205
Bakken	4205
Shoemake	4205
Crank	4204
Pendley	4203
Horgan	4202
Dandridge	4201
Charley	4201
Pasillas	4201
Banker	4201
Plumley	4200
Mcglynn	4200
Mackinnon	4199
Rein	4199
Fritsch	4199
Gallaher	4198
Gilliard	4198
Natividad	4198
Llanes	4197
Heaney	4197
Worthen	4197
Strasser	4196
Maines	4196
Ou	4196
Gallimore	4195
Russel	4195
Brawley	4193
Reidy	4193
Hartsfield	4192
Bunton	4191
Bibbs	4190
Barefoot	4190
Waldon	4190
Sikorski	4189
Sutphin	4188
Huntsman	4187
Mcauley	4186
Pegram	4185
Niemann	4184
Sweitzer	4183
Wilkey	4183
Auger	4182
Sundberg	4181
Schuck	4181
Margolis	4181
Reina	4180
Gehrke	4180
Gregor	4180
Driskell	4180
Wages	4180
Souders	4179
Petrillo	4179
Kinsella	4179
Binns	4178
Autrey	4177
Laux	4176
Newlin	4175
Roop	4175
Barto	4174
Sanfilippo	4173
Motta	4173
Constant	4173
Basinger	4171
Desmarais	4170
Neu	4170
Paradise	4170
Kessinger	4170
Gales	4169
Riccio	4169
Rutland	4168
Blosser	4167
Waddle	4167
Wirtz	4166
Tesch	4166
Deas	4165
Mele	4165
Nottingham	4165
Quackenbush	4164
Czarnecki	4164
Welling	4164
Trusty	4163
Alleyne	4163
Olin	4163
Papp	4162
Gagliano	4161
Beech	4160
Tarantino	4158
Nilsen	4158
Nipper	4157
Harville	4157
Skelly	4157
Towle	4156
Halterman	4156
Coss	4156
Cheeks	4155
Harbour	4155
Hartz	4153
Terwilliger	4153
Bednar	4151
Pinder	4151
Killen	4151
Colella	4150
Lechner	4149
Tillotson	4149
Chancellor	4147
Mccutchen	4146
Shults	4146
Treece	4144
Moton	4144
Countryman	4144
Trussell	4143
Philpott	4142
Penland	4142
Murguia	4141
Mickle	4141
Crandell	4141
Zack	4141
Kittrell	4140
Norfleet	4139
Isham	4139
Sokolowski	4139
Steinman	4139
Haws	4138
Dicarlo	4138
Breuer	4138
Depaz	4137
Willman	4137
Borchardt	4136
Battista	4136
Pelfrey	4136
Kastner	4136
Mcanally	4136
Derose	4135
Mceachern	4133
Karns	4133
Arcos	4132
Adelman	4131
Rosson	4131
Kamp	4131
Josey	4131
Reiff	4130
Shoop	4130
Yousif	4130
Seeger	4129
Templin	4129
Mcandrew	4129
Kaul	4128
Cordeiro	4128
Tetreault	4128
Bowyer	4127
Dey	4127
Espana	4127
Pawlak	4127
Lakin	4126
Markel	4126
Bunce	4126
Carrero	4126
Polson	4125
Giffin	4124
Fulford	4123
Nystrom	4122
Schreck	4122
Abdallah	4121
Kirkham	4121
Halpern	4121
Charette	4121
Dantzler	4117
Gullett	4117
Griner	4117
Ronan	4117
Hagedorn	4116
Cleland	4116
Ketcham	4115
Mcentire	4115
Palladino	4115
Bevan	4114
Yoshida	4113
Copenhaver	4113
Felker	4113
Pastore	4112
Rabon	4112
Lafond	4112
Lawyer	4112
Almodovar	4112
Ashburn	4112
Kreger	4111
Krull	4111
Fant	4111
Cowden	4111
Chancey	4111
Elledge	4110
Fiske	4110
Gorton	4110
Ginsberg	4110
Tennyson	4110
Eddings	4109
Kindle	4109
Polite	4108
Force	4108
Jessee	4108
Haider	4107
Blakeney	4107
Mccarley	4106
Kinley	4105
Jacquez	4105
Boykins	4105
Shulman	4104
Holifield	4104
Jost	4104
Lovely	4104
Knopp	4103
Carraway	4103
Gilles	4102
Villavicencio	4102
Brannen	4101
Trail	4101
Feeley	4101
Debord	4100
Sheaffer	4100
Gillard	4099
Medford	4099
Holstein	4098
Stiffler	4098
Winkelman	4097
Flickinger	4097
Demars	4097
Meissner	4097
Laborde	4095
Burnell	4095
Gusman	4095
Almanzar	4095
Burrus	4094
Kania	4092
June	4091
Lydon	4091
Pursley	4091
Murchison	4089
Llanos	4089
Mancia	4089
Rodney	4089
Mangold	4088
Dunson	4088
Issa	4088
Deans	4087
Cavanagh	4086
Hockenberry	4086
Rosenblum	4086
Bixby	4086
Wilkens	4086
Erdmann	4085
Mastin	4085
Klassen	4084
Muldoon	4084
Champlin	4084
Brodsky	4083
Belmonte	4083
Gamache	4082
Crew	4081
Anson	4079
Rye	4079
Shuck	4078
Armentrout	4077
Winkle	4077
Bing	4076
Rennie	4076
Farfan	4075
Slay	4075
Jerez	4074
Krupa	4073
Deoliveira	4072
Weekley	4072
Stroman	4071
Rhee	4071
Hardie	4071
Heiman	4070
Lauderdale	4070
Lesher	4070
Basso	4070
Wilcher	4069
Grosso	4069
Mayne	4068
Shubert	4068
Thoma	4068
Householder	4067
Brownfield	4067
Chatham	4066
Fitzwater	4066
Sinha	4066
Mcphee	4065
Loos	4064
Paquin	4064
Crumley	4064
Armitage	4063
Hoey	4062
Klink	4059
Kimura	4059
Jun	4059
Schuette	4059
Kucera	4058
Presnell	4058
Nunnally	4058
Granillo	4058
Wald	4057
Crafton	4056
Ensley	4055
Lark	4055
Hazard	4054
Roger	4054
Stella	4053
Haberman	4053
Eklund	4053
Collard	4053
Brodeur	4053
Kennon	4053
Jordon	4052
Kaczmarek	4052
Creek	4052
Finnerty	4052
Scheffler	4052
Severino	4051
Vella	4051
Boger	4051
Delapena	4051
Digiacomo	4051
Mackin	4051
Teter	4050
Lowther	4049
Mcabee	4049
Jason	4048
Borst	4048
Woosley	4048
Riggle	4047
Fortunato	4047
Macomber	4047
Lobato	4047
Gallup	4046
Matamoros	4044
Pitchford	4044
Sessoms	4044
Asuncion	4042
Prouty	4042
Lamp	4042
Delisle	4041
Hartsell	4040
Heid	4040
Risley	4040
Ji	4039
Galante	4038
Lucia	4038
Sheth	4038
Surber	4037
Hibbert	4037
Fontanez	4036
Rayner	4036
Bosse	4036
Jahnke	4035
Bonin	4034
Canning	4033
Polito	4032
Colucci	4031
Dearman	4030
Larrabee	4028
Chery	4027
Soileau	4027
Latorre	4026
Lakey	4025
Krol	4025
Emmert	4025
Rochester	4024
Bonnett	4023
Freeze	4023
Parkin	4022
Murphree	4021
Corrado	4021
Blatt	4020
Wendell	4020
Chauvin	4018
Croy	4018
Durkee	4017
Prickett	4016
Kugler	4015
Edison	4015
Bullington	4015
Borland	4014
Bigler	4013
Duren	4013
Delcastillo	4013
Huth	4013
Murphey	4013
Mickey	4012
Piercy	4012
Craver	4012
Triana	4012
Caplan	4011
Pellegrini	4011
Rademacher	4011
Leitner	4010
Mains	4010
Man	4010
Winans	4010
Stoops	4010
Duffield	4009
Cueva	4008
Stuck	4008
Soles	4006
Hinojos	4006
Macarthur	4006
Cothran	4005
Tutt	4005
Beadle	4005
Yusuf	4003
Wiser	4002
Livesay	4002
Kerner	4001
Obryant	4001
Kanter	4000
Jump	3999
Dulin	3998
Lal	3997
Maus	3997
Rosier	3997
Bergin	3996
Placencia	3996
Benford	3995
Blackshear	3995
Rembert	3994
Ice	3994
Roseman	3993
Schiff	3993
Brainard	3992
Widner	3992
Hoard	3992
Eady	3992
Lovelady	3992
Vannoy	3991
Kiss	3990
Northrop	3990
Jeanpierre	3990
Hafer	3989
Durfee	3989
Press	3989
Scudder	3989
Steinbach	3987
Steiger	3986
Rideout	3986
Malley	3986
Woodhouse	3985
Mcglothlin	3984
Raleigh	3984
Odle	3984
Michalak	3983
Mo	3983
Kantor	3982
Fleischer	3981
Faith	3981
Beamer	3981
Auguste	3981
Slavin	3981
Bowker	3980
Krall	3980
Janke	3977
Sawicki	3977
Hollar	3976
Largent	3974
Kapp	3974
Jardine	3973
Tupper	3973
Grainger	3972
Renfrow	3972
Funkhouser	3971
Densmore	3971
Eskridge	3969
Wadley	3968
Schooley	3968
Souder	3968
Tollefson	3967
Riegel	3967
Graybill	3967
Jessop	3965
Hazzard	3965
Frisby	3964
Despain	3964
Strouse	3964
Shabazz	3963
Ambrosio	3963
Caruthers	3963
Hiles	3962
Mecham	3962
Straw	3962
Sumrall	3961
Brunk	3961
Dewberry	3960
Housley	3960
Mounts	3960
Taliaferro	3959
Schade	3958
Houlihan	3958
Daye	3958
Popovich	3957
Mahone	3956
Bressler	3956
Iyer	3956
Ardoin	3955
Rentz	3954
Greenleaf	3954
Dunford	3952
Matus	3952
Kalinowski	3951
Priester	3951
Ricciardi	3951
Simental	3950
Zuber	3950
Michaelson	3950
Devereaux	3949
Vierra	3949
Trost	3948
Townley	3947
Salamanca	3947
Board	3946
Mulvey	3945
Pohlman	3945
Mcgarvey	3945
Fetter	3944
Valera	3944
Halley	3943
Carlo	3942
Makowski	3942
Sigman	3942
Spry	3940
Schlesinger	3940
Higa	3940
Lavery	3938
Hermanson	3937
Aston	3937
Alvis	3936
Sternberg	3935
Carrick	3935
Heron	3934
Janson	3930
Kutz	3930
Knepper	3930
Lukas	3930
Mike	3930
Winton	3930
Mckinzie	3929
Knuth	3927
Kalman	3927
Hewlett	3927
Schaffner	3927
Zamorano	3926
Cater	3926
Buckler	3926
Stallard	3925
Braley	3924
Ceniceros	3924
Lair	3923
Wardell	3923
Lillard	3922
Hagood	3922
Campana	3920
Maurice	3919
Bhatti	3919
Peachey	3918
Hake	3918
Dameron	3917
Colman	3916
Jessie	3916
Desousa	3915
Eddins	3914
Esteves	3913
Lema	3913
Rost	3913
Rummel	3913
Bergquist	3912
Geiser	3912
Dimaggio	3912
Holzer	3911
Linderman	3911
Springs	3911
Mier	3910
Morano	3910
Gilroy	3910
Congdon	3910
Drumm	3908
Pollak	3908
Edson	3906
Gilreath	3905
Maiden	3905
Lepe	3904
Danna	3904
Cesar	3904
Stutz	3904
Rothstein	3904
Shroyer	3904
Boulware	3903
Alderete	3903
Grimmett	3903
Corpus	3901
Vineyard	3901
Patti	3899
Virgen	3898
Braithwaite	3898
Burlingame	3897
Metts	3896
Lease	3896
Groh	3894
Rondeau	3894
Reinhard	3893
Matute	3892
Lebrun	3890
Cann	3890
Horta	3889
Frink	3888
Sirois	3887
Trump	3886
Alder	3885
Mazzola	3885
Quinteros	3885
Tinney	3884
Halcomb	3883
Earhart	3882
Becerril	3881
Crowther	3880
Sharif	3879
Dills	3878
Ramage	3878
Poulsen	3877
Pereyra	3877
Ericksen	3877
Deville	3877
Callis	3877
Mefford	3875
Stetson	3875
Bogard	3875
Kurz	3874
Hubbs	3873
Frisbie	3872
Aho	3872
Aman	3872
Segarra	3871
Coddington	3871
Sainz	3869
Shedd	3868
Santibanez	3868
Brazell	3868
Burdett	3868
Demello	3868
Lepage	3865
Kale	3864
Pegues	3864
Pahl	3864
Geier	3864
Senior	3864
Coursey	3862
Marvel	3862
Sines	3861
Mathers	3860
Drain	3859
Tunstall	3859
Essex	3858
Reep	3858
Moretti	3858
Mannino	3857
Bridgewater	3857
Ludlow	3856
Stengel	3856
Wendling	3855
Bilbrey	3855
Louden	3855
Earp	3855
Jesse	3855
Hilario	3854
Carruth	3854
Petrone	3854
Blaney	3854
Arms	3854
Stelly	3854
Winner	3853
Ram	3853
Mcelhaney	3853
Mcgann	3853
Lotz	3852
Blaisdell	3852
Birchfield	3852
Shutt	3852
Riehl	3852
Boe	3850
Gress	3850
Lafave	3849
Defelice	3848
Barwick	3848
Silverio	3848
Bove	3847
Vancleave	3847
Eder	3847
Eilers	3847
Manrique	3847
Fitz	3846
Kobayashi	3845
Salamone	3845
Weathersby	3844
Pal	3844
Merryman	3843
Domingue	3843
Zeman	3843
Schock	3843
Harty	3842
Smeltzer	3841
Lezama	3840
Hudnall	3839
Conwell	3839
Ciccone	3838
Franck	3838
Kimber	3838
Sather	3838
Whisenant	3838
Kenna	3837
Leyba	3836
Hurlburt	3836
Willette	3835
Weise	3834
Eskew	3834
Millett	3834
Cueto	3833
Haack	3832
Bertsch	3832
Shears	3831
Alter	3830
Dowden	3829
Dash	3828
Neale	3828
Work	3828
Wheelock	3827
Mitchum	3827
Liggins	3827
Ivanov	3826
Germany	3825
Mcgowen	3825
Lacour	3822
Borowski	3821
Felt	3820
Fleetwood	3819
Gribble	3819
Heng	3819
Dungan	3819
Mcgrady	3819
Roca	3819
Scarberry	3818
Mellinger	3818
Marrone	3818
Caulfield	3818
Caddell	3818
Hansel	3815
List	3814
Pifer	3814
Teller	3814
Towner	3813
Zucker	3813
Christen	3813
Zalewski	3812
Solares	3812
Core	3810
Gulledge	3810
Krishnan	3810
Rankins	3809
Kerwin	3808
Bracy	3808
Argo	3808
Waites	3808
Mcsweeney	3807
Hollingshead	3807
Hedge	3805
Chasteen	3805
Wessels	3805
Zacharias	3805
Shanklin	3804
Weeden	3803
Lasalle	3803
Burdine	3802
Cancel	3801
Reichard	3799
Anand	3798
Silvey	3798
Casella	3797
Jemison	3797
Burkes	3796
Kass	3796
Blakey	3796
Bibb	3796
Behr	3795
Leeds	3795
Ekstrom	3795
Ginter	3795
Kapoor	3794
Hufford	3793
Callejas	3792
Bos	3792
Weintraub	3792
Merkle	3791
Murdoch	3790
Patch	3790
Mckim	3790
Isenberg	3790
Ugalde	3789
Boney	3789
Alvares	3789
Wexler	3787
Chabot	3787
Mcgaha	3787
Prine	3786
Schall	3786
Swinson	3784
Remy	3784
Deitz	3784
Garretson	3784
Feist	3784
Adorno	3783
Zazueta	3782
Gardea	3781
Hersey	3780
Forehand	3779
Millican	3779
Swink	3779
Rhine	3779
Veras	3776
Wickman	3775
Nicks	3775
Ospina	3774
Vidales	3774
Traver	3774
Wolters	3773
Andujar	3773
Pray	3773
Lares	3773
Shahan	3772
Avilez	3771
Roberto	3770
Stalnaker	3770
Lansing	3770
Kallas	3770
Just	3769
Gish	3768
Kuang	3767
Neiman	3766
Nuss	3765
Kircher	3765
Lockridge	3765
Hatter	3765
Ming	3764
Raymundo	3764
Ortez	3762
Lainez	3762
Delucia	3762
Glasscock	3761
Grundy	3759
Krouse	3759
Knighten	3759
Swiger	3758
Rourke	3757
Werth	3757
Plowman	3757
Heins	3757
Chien	3756
Tobey	3756
Baskerville	3755
Gilkey	3755
Grindstaff	3754
Isley	3754
Berk	3754
Wiebe	3754
Trevizo	3754
Bitner	3753
Masse	3753
Marini	3752
Mui	3752
Seabolt	3752
Shackleford	3751
Stansberry	3750
Licata	3750
Lemmons	3749
Kam	3749
Pumphrey	3749
Boutin	3749
Westerfield	3748
Stoffel	3748
Hanner	3748
Karcher	3746
Tye	3746
Avitia	3745
Saez	3745
Everette	3745
Files	3744
Bouldin	3744
Henn	3743
Pye	3743
Goings	3741
Shao	3741
Sullins	3741
Wolfson	3740
Mcelveen	3740
Mcvicker	3738
Hine	3738
Partain	3737
Peer	3736
Musa	3736
Moctezuma	3735
Hosey	3735
Dann	3735
Eliason	3735
Bernhard	3735
Wille	3734
Imhoff	3734
Oleson	3734
Reh	3734
Mauk	3733
Lorenzen	3733
Given	3733
Nyberg	3732
Sanger	3732
Zuckerman	3731
Florian	3731
Geraci	3729
Sack	3729
Hathcock	3726
Crotty	3726
Pasquale	3726
Mcroberts	3726
Pavlik	3725
Sin	3725
Ober	3724
Belisle	3722
Vogler	3721
Vanhook	3720
Loring	3720
Krick	3720
Lambrecht	3719
Willhite	3719
Sudduth	3718
Zabel	3717
Nowakowski	3717
Peart	3717
Brim	3717
Villela	3716
Romans	3715
Roberge	3714
Coblentz	3714
Mcalpine	3714
Lonergan	3713
Perrotta	3713
Norvell	3713
Clardy	3713
Fabela	3713
Bucio	3712
Molitor	3712
Peluso	3712
Provenzano	3712
Leftwich	3712
Saba	3712
Saini	3711
Wolverton	3711
Dunigan	3711
Flower	3711
Mistry	3710
Retana	3710
Stiltner	3709
Stoller	3709
Vaillancourt	3709
Bonanno	3709
Pharr	3709
Meadors	3709
Cottrill	3709
Pinkham	3706
Boddie	3706
Colter	3705
Cusack	3704
Hedden	3704
Merry	3704
Sedillo	3704
Sweatt	3703
Parrett	3703
Dunston	3702
Bowerman	3702
Bailon	3702
Marano	3701
Breault	3700
Bechtold	3700
Youssef	3700
Villafuerte	3700
Kautz	3699
Cover	3699
Licea	3698
Barbera	3696
Lutes	3695
Chadwell	3695
Drews	3695
Hoyos	3694
Zaman	3694
Alcocer	3693
Xia	3693
Bretz	3693
Cirillo	3692
Sheffer	3692
Phares	3691
Gailey	3690
Watterson	3690
Brittingham	3689
Paulin	3689
Laflamme	3689
Oday	3688
Rosner	3688
Stanger	3688
Siegfried	3688
Applewhite	3687
Mcmurry	3687
Geddes	3687
Hollon	3686
Lesser	3686
Bisson	3685
Langham	3684
Lefler	3684
Vereen	3683
Ruch	3682
Lambeth	3682
Diorio	3682
Embrey	3681
Wentzel	3681
Amado	3680
Santini	3680
Tarpley	3680
Malcom	3680
Brigman	3679
Corum	3679
Jasinski	3679
Shiflett	3679
Billington	3678
Groover	3678
Dear	3677
Marine	3676
Ruan	3676
Stapp	3675
Heinen	3675
Claus	3674
Lerch	3674
Kubiak	3674
Sloane	3673
Blumenthal	3673
Scheller	3672
Southwick	3671
Trivedi	3671
Freer	3671
Cropper	3669
Kersten	3669
Pinter	3669
Miele	3668
Klingler	3668
Epley	3667
Broadwater	3667
Robinett	3667
Weigand	3666
Dunphy	3666
Ghosh	3666
Glassman	3666
Lahr	3666
Marten	3666
Godin	3665
Sealey	3665
Horstman	3664
Nickelson	3664
Galligan	3663
Cram	3662
Andresen	3662
Ancheta	3661
Zhen	3661
Keele	3661
Koger	3660
Blackmore	3660
Blackstone	3659
Villagran	3659
Kammerer	3659
Dail	3659
Clyde	3658
Confer	3657
Troup	3657
Starcher	3657
Lavalley	3656
Marrow	3656
Cauthen	3655
Delorenzo	3655
Diedrich	3655
Ferrier	3654
Mendonca	3654
Wines	3654
Perlman	3653
Deegan	3653
Lafontaine	3652
Colgan	3651
Fleenor	3651
Braddy	3650
Markus	3649
Spindler	3648
Routh	3648
Adamo	3647
Mellor	3647
Harshman	3647
Dame	3647
Bresnahan	3646
Mcguigan	3646
Loo	3645
Chandra	3645
Bolick	3645
Hartin	3644
Chafin	3643
Chon	3643
Northern	3643
Ormsby	3643
Trigg	3642
Rettig	3641
Lough	3641
Helsel	3641
Morman	3640
Lindell	3639
Lafountain	3639
Hubble	3639
Rehm	3637
Patricio	3636
Coots	3636
Crossland	3636
Strayer	3636
Stromberg	3636
Turgeon	3635
Fiorentino	3635
Heater	3634
Nolt	3634
Hames	3633
Gillam	3633
Uy	3633
Sequeira	3631
Disney	3631
Cogan	3631
Motes	3631
Rafael	3631
Quesenberry	3630
Hirst	3630
Caesar	3628
Eakin	3628
Julius	3628
Traynor	3628
Marrufo	3626
Paugh	3626
Garwood	3626
Mcpeak	3625
Lino	3625
Stonge	3625
Loney	3624
Lua	3624
Partlow	3623
Batt	3622
Baptista	3621
Billy	3621
Barthel	3620
Emmett	3619
Canela	3619
Chai	3619
Cornelison	3617
Player	3617
Sison	3617
Skeens	3617
Delay	3616
Everitt	3615
Grinnell	3615
Lipinski	3615
Rossetti	3615
Ansley	3615
Haven	3614
Campion	3614
Glazier	3612
Lieu	3612
Blas	3612
Oconner	3611
Castelan	3611
Hartline	3610
Nations	3610
Munos	3610
Linehan	3610
Mccarron	3609
Hanke	3609
Borjas	3609
Shavers	3609
Beckmann	3608
Wiggs	3608
Plasencia	3608
Luedtke	3607
Hetzel	3607
Snavely	3607
Fortuna	3606
Persons	3606
Lindo	3605
Broadbent	3605
Chapple	3604
Frith	3604
Hamner	3604
Wunderlich	3604
Bazemore	3604
Roan	3603
Senter	3602
Gulick	3602
Buettner	3602
Cristobal	3602
Mcelwee	3602
Monteleone	3602
Bellows	3601
Secrest	3599
Oceguera	3599
Lindahl	3599
Polo	3598
Benning	3597
Uriarte	3597
Varnado	3597
Whitesell	3596
Merrifield	3596
Nice	3595
Koh	3595
Dart	3594
Custodio	3592
Hau	3592
Rael	3592
Ullrich	3592
Anzalone	3591
Sale	3591
Lennox	3591
Mcchesney	3590
Josephson	3590
Nick	3590
Blow	3590
Pavon	3589
Maine	3589
Hersh	3589
Hoyer	3589
Fey	3588
Jo	3588
Brack	3588
Wiest	3588
Springfield	3586
Vanhoose	3585
Tafolla	3584
Sankey	3584
Enders	3584
Privett	3583
Berard	3582
Beene	3581
Binion	3581
Bolding	3581
Mcadoo	3580
Lueck	3579
Tomaszewski	3579
Auer	3578
Elkin	3578
Cribb	3578
Hendren	3578
Haughton	3577
Molinar	3577
Waterhouse	3577
Valtierra	3576
Hassett	3576
Lathan	3575
Mccusker	3574
Addis	3574
Murtha	3573
Rupe	3572
Wimer	3571
Manalo	3571
Mishler	3569
Redwine	3569
Askins	3569
Saeed	3568
Mendosa	3568
Collum	3568
Pletcher	3567
Sunday	3567
Adamski	3566
Trull	3565
Speaks	3565
Stouffer	3565
Priebe	3565
Giardina	3565
Goodnight	3564
Comfort	3564
Steck	3564
Tolle	3564
Sealy	3564
Adan	3564
Tincher	3563
Glidewell	3563
Jacobi	3563
Boos	3562
Blakeslee	3561
Tims	3561
Glennon	3561
Goldenberg	3561
Chinchilla	3561
Caston	3561
Stamey	3560
Strahan	3559
Joaquin	3559
Haugh	3558
Lowrance	3557
Hawn	3556
Hearne	3554
Mckown	3554
Lasky	3554
Posadas	3554
Tasker	3553
Shotwell	3553
Rochelle	3553
Bobb	3552
Liberty	3552
Klingensmith	3551
Reinhold	3551
Roemer	3551
Scalise	3551
Silvestre	3550
Fetzer	3550
Jimerson	3548
Cobian	3548
Dupuy	3548
Fleischman	3547
Sustaita	3547
Tian	3547
Samano	3547
Schumaker	3545
Threatt	3545
Sibert	3545
Purser	3545
Rabinowitz	3544
Jim	3544
Hoekstra	3544
Rives	3544
Wagers	3544
Demaio	3542
Stutts	3541
Bankhead	3540
Lamontagne	3539
Lesko	3537
Helgeson	3537
Grieco	3537
Yaeger	3537
Scala	3537
Storer	3536
Swanger	3536
Eide	3536
Preece	3536
Kerber	3535
Lenoir	3534
Attaway	3534
Bozarth	3531
Fulks	3531
Choudhury	3530
Esh	3529
Lavergne	3529
Averill	3529
Baugher	3529
Vandusen	3529
Oney	3528
Mcglone	3527
Laurie	3526
Porto	3526
Trader	3525
Tadlock	3523
Rhode	3523
Bennet	3523
Brokaw	3523
Culley	3522
Kost	3522
Basurto	3522
Reynaga	3522
Smitherman	3521
Bogue	3521
Tressler	3521
Waid	3521
Kennett	3521
Kinsman	3521
Legaspi	3520
Cui	3520
Talton	3519
Thiessen	3519
Rainer	3518
Mill	3518
Bakke	3517
Barna	3516
Tweedy	3516
Krawczyk	3516
Cabrales	3516
Gingrich	3515
Record	3515
Berkey	3515
Sickler	3514
Marable	3514
Kellett	3513
Jakubowski	3513
Deleo	3513
Salzman	3513
Riker	3512
Pandya	3512
Woodside	3511
Cluff	3510
Grammer	3510
Calderone	3509
Markowski	3509
Trimmer	3509
Spies	3508
Loyola	3508
Lemire	3507
Tarter	3507
Mansell	3506
Cullins	3506
Creasy	3506
Clack	3505
Hohman	3505
Stang	3505
Scheel	3504
Leboeuf	3504
Heald	3503
Heitman	3503
Gibb	3502
Dougan	3502
Diez	3502
Slusser	3502
Shamblin	3501
Spitz	3500
Halvorsen	3500
Kropp	3500
Hoehn	3499
Giannini	3499
Fann	3499
Dahlberg	3499
Chiasson	3499
Robillard	3499
Staab	3498
Amoroso	3498
Doak	3498
Hartle	3498
Nauman	3497
Six	3497
Barreras	3496
Bish	3495
Soukup	3495
Havard	3495
Griffen	3495
Elswick	3495
Maughan	3494
Keffer	3493
Niehaus	3493
Pasley	3493
Oyler	3493
Cavallaro	3493
Smithers	3493
Banegas	3493
Antone	3493
Bickham	3492
Klimek	3492
Leonhardt	3491
Lingenfelter	3491
Kratzer	3490
Rosenblatt	3490
Lindholm	3489
Navarrette	3489
Dunkin	3489
Korman	3488
Bukowski	3487
Ingham	3487
Trainer	3487
Bomar	3487
Vallejos	3487
Ostrom	3485
Lampert	3484
Helfrich	3482
Altieri	3482
Schuyler	3480
Husband	3480
Goldfarb	3480
Hepburn	3479
Brockington	3479
Massengill	3478
Mccammon	3478
Arciniega	3478
Acord	3477
Morillo	3477
Carlyle	3476
Camper	3476
Ebner	3476
Devault	3476
Demaria	3475
Donahoe	3475
Cloyd	3475
Mundt	3475
Callison	3474
Hendley	3473
Wear	3473
Ringler	3472
Dare	3472
Phinney	3472
Lines	3472
Liss	3472
Recker	3471
Sultana	3471
Schuller	3470
Vences	3470
Canaday	3470
Copp	3469
Foxworth	3469
Vanzandt	3469
Frechette	3468
Hennings	3467
Perna	3467
Poteat	3465
Geraghty	3465
Doctor	3465
Dunagan	3465
Bova	3465
Averett	3464
Siciliano	3464
Dillow	3464
Pare	3464
Byington	3463
Hovis	3462
Pineiro	3461
Borton	3461
Kempton	3460
Elia	3460
Edinger	3459
Brunette	3459
Moose	3459
Tague	3459
Samayoa	3458
Weakley	3458
Spiker	3457
Claussen	3457
Caviness	3456
Laine	3456
Severance	3456
Romer	3456
Alverson	3456
Lenard	3455
Johannes	3455
Buggs	3455
Kayser	3454
Meisner	3454
Stork	3454
Swartzentruber	3453
Albino	3453
Guth	3453
Hoopes	3452
Mcbrayer	3452
Quinton	3452
Berens	3452
Stalker	3452
Trieu	3451
Spradling	3450
Soltero	3450
Gurung	3450
Bulger	3450
Chmielewski	3449
Geter	3449
Ricardo	3448
Bork	3448
Balogh	3448
Alamo	3448
Bethune	3447
Grams	3447
Hessler	3447
Falconer	3446
Bradberry	3446
Wehner	3446
Rowlett	3446
Blomquist	3445
Durso	3445
Clemmer	3444
Mcgruder	3444
Berge	3444
Subramanian	3443
Geronimo	3443
Matherne	3442
Recio	3442
Pick	3442
Zaleski	3442
Antonucci	3441
Tavera	3441
Christner	3441
Shaheen	3440
Banning	3440
Borrelli	3440
Garry	3439
Guaman	3439
Hoban	3439
Cavallo	3438
Standifer	3438
Soni	3437
Walczak	3437
Poulson	3437
Manna	3437
Kinne	3437
Peet	3434
Spradley	3434
Teng	3433
Scalf	3433
Aubin	3433
Quist	3433
Noon	3433
Hamid	3433
Manor	3432
Arizmendi	3432
Wathen	3432
Umanzor	3432
Lundin	3431
Holleman	3430
Simonsen	3430
Brathwaite	3429
Bedoya	3429
Wager	3428
Schirmer	3428
Joubert	3428
Quade	3426
Rimmer	3426
Pickle	3425
Garton	3425
Kettler	3424
Gaughan	3423
Bye	3423
Ebel	3423
Topping	3423
Baig	3423
Beery	3421
Sahagun	3421
Sowards	3420
Spinner	3420
Naugle	3420
Mosely	3419
Cripe	3419
Buckland	3419
Frederickson	3419
Ogilvie	3418
Dsouza	3417
Thibeault	3417
Tart	3417
Zellner	3417
Alsup	3416
Tepper	3416
Hord	3416
Harber	3416
Krajewski	3416
Mcmillion	3415
Mikesell	3415
Culberson	3415
Ayer	3415
Dinger	3414
Harshbarger	3413
Ang	3413
Spaeth	3412
Catania	3412
Khang	3411
Violette	3411
Mentzer	3410
Carle	3410
Darrah	3410
Haviland	3410
Grafton	3409
Cardinale	3409
Brickey	3409
Lamothe	3409
Bugg	3408
Crisostomo	3408
Eddington	3408
Aker	3408
Schoenfeld	3408
Absher	3407
Davie	3407
Harsh	3407
Bose	3406
Arney	3405
Sobel	3405
Kisner	3405
Obando	3404
Joshua	3403
Heinemann	3403
Hetherington	3403
Garren	3403
Stenson	3403
Braga	3402
Echavarria	3402
Lampley	3402
Karam	3401
Arp	3401
Towery	3400
Shearin	3399
Leader	3399
Cicero	3399
Holmquist	3399
Hendon	3398
Rebollar	3397
Sill	3397
Revis	3396
Beacham	3396
Galli	3396
Delacerda	3395
Misner	3395
Mask	3395
Schechter	3395
Sayer	3395
Enoch	3394
Finke	3394
Hartfield	3394
Guillermo	3393
Scheid	3393
Bakker	3392
Woodrum	3392
Raza	3392
Pinzon	3392
Kegley	3391
Dice	3391
Baty	3391
Cendejas	3390
Hiner	3390
Bicknell	3389
Costantino	3388
Hoelscher	3387
Roux	3387
Ben	3386
Keever	3386
Lundeen	3385
Monette	3385
Eaddy	3385
Bolger	3385
Sharon	3385
Seaver	3384
Swett	3384
Cogswell	3384
Newbold	3384
Kleinman	3383
Wingert	3383
Sabatino	3382
Gaylor	3382
Duprey	3381
Cuenca	3381
Morais	3381
Reif	3381
Holub	3380
Blakeman	3380
Backer	3380
Wethington	3379
Courville	3379
Mardis	3378
Nassar	3377
Eisen	3377
Bains	3377
Benedetto	3375
Songer	3375
Pitzer	3375
Palazzolo	3374
Leath	3372
Guerrier	3372
Alessi	3372
Trueblood	3371
Roane	3370
Durante	3369
Coreas	3369
Partee	3369
Keesee	3368
Hornberger	3368
Hackler	3367
Gebhart	3367
Cascio	3367
Xavier	3367
Wilken	3366
Yarnell	3365
Azar	3365
Paiva	3365
Gunning	3364
Bash	3364
Belmont	3363
Rode	3363
Sultan	3363
Palmisano	3363
Pecoraro	3362
Gust	3362
Chouinard	3362
Chesnut	3362
Anderton	3362
Tunnell	3362
Durrett	3361
Glazer	3361
Lamoureux	3361
Jumper	3360
Hellman	3360
Delavega	3360
Dinardo	3359
Bhakta	3359
Kennelly	3358
Oliveri	3357
Faught	3357
Naumann	3356
Shear	3356
Schleicher	3356
Speakman	3355
Vanlandingham	3355
Maney	3355
Losey	3355
Hegarty	3355
Higbee	3355
Didonato	3355
Kummer	3354
Wieczorek	3354
Berardi	3354
Tedford	3354
Garrard	3353
Escudero	3352
Blanc	3352
Kunze	3351
Boltz	3350
Wamsley	3350
Stjean	3350
Scholten	3350
Paramo	3348
Meekins	3347
Geis	3347
Castello	3347
Charleston	3346
Rachal	3346
Stanfill	3346
Vanzant	3345
Reimers	3345
Brough	3345
Dilorenzo	3344
Hering	3344
Hedlund	3344
Neufeld	3344
Vancamp	3344
Agrawal	3344
Seth	3344
Culler	3343
Mahmoud	3342
Gigliotti	3341
Feltner	3341
Hallam	3340
Halford	3340
Redfern	3340
Seagraves	3340
Rank	3339
Haskin	3339
Damore	3339
Elbert	3339
Mandell	3337
Wardlaw	3337
Widmer	3336
Trautman	3336
Laurence	3336
Pascoe	3336
Mower	3336
Nevels	3335
Egger	3334
Vale	3334
Suttle	3333
Felice	3333
Poppe	3333
Frakes	3332
Strode	3331
Crispin	3330
Dunkle	3329
Clymer	3329
Fryman	3329
Salmons	3329
Athey	3329
Tingley	3327
Hedgepeth	3327
Raven	3327
Lefever	3327
Mccalla	3326
Phoenix	3326
Ramsdell	3325
Frady	3325
Tanksley	3325
Bacchus	3325
Bainbridge	3324
Wash	3324
Hargraves	3324
Nichol	3323
Latour	3323
Maxie	3322
Paynter	3322
Deacon	3322
Rizvi	3322
Penton	3321
Jowers	3320
Hollaway	3320
Fenske	3320
Struck	3320
Channell	3318
Rakes	3318
Percival	3317
Saleem	3317
Bjork	3317
Ariza	3316
Trexler	3316
Rossiter	3316
Parekh	3316
Davy	3316
Fessler	3316
Hagans	3316
Petrick	3315
Mcclurg	3314
Shenk	3314
Thrift	3313
Reader	3313
Polak	3313
Stagg	3312
Yowell	3311
Rehman	3311
Loughlin	3309
Gorrell	3309
Jeffreys	3308
Chico	3308
Colangelo	3307
Cavin	3307
Lacasse	3307
Vara	3307
Arechiga	3306
Range	3306
Patty	3306
Cruise	3306
Brewton	3304
Trantham	3304
Trumble	3303
Casias	3303
Poor	3303
Pendergast	3302
Mahar	3302
Mccullum	3302
Goto	3302
Say	3302
Whisenhunt	3301
Foran	3301
Donoghue	3300
Noto	3300
Vos	3300
Saville	3299
Starke	3299
Mathewson	3299
Longmire	3299
Holsinger	3299
Dieter	3298
Batey	3298
Zapien	3298
Sherwin	3296
Rone	3296
Cordle	3296
Najar	3296
Mulvaney	3296
Moline	3296
Polston	3295
Heyer	3295
Woolfolk	3295
Hungerford	3294
Eisner	3294
Prejean	3294
Starrett	3293
Mauer	3292
Castelli	3292
Canavan	3290
Depasquale	3290
Rudisill	3290
Riccardi	3289
Anselmo	3289
Malott	3289
Olivieri	3289
Ohalloran	3289
Schuetz	3288
Buzzard	3287
Mosquera	3286
Rowles	3286
Ney	3285
Cavalier	3285
Haldeman	3284
Kernan	3284
Bittle	3284
Morello	3283
Pelham	3282
Herb	3282
Durrant	3282
Velazco	3282
Rutz	3282
Denmark	3281
Oboyle	3281
Decosta	3280
Brinkerhoff	3280
Hockett	3280
Telford	3280
Tena	3279
Hartsock	3279
Farlow	3279
Brisson	3279
Reneau	3279
Santucci	3278
Biles	3278
Dake	3277
Lineberry	3276
Bingaman	3276
Dewald	3275
Drago	3275
Portis	3274
Mountain	3274
Knisley	3273
Soltis	3273
Billiot	3272
Ayotte	3272
Ugarte	3272
Blakemore	3271
Stamp	3271
Terranova	3271
Nuttall	3271
Palmore	3271
Dole	3271
Reeser	3270
Labarge	3270
Belknap	3270
Urbanski	3270
Gwynn	3268
Millsaps	3267
Stribling	3267
Schiavone	3267
Resch	3267
Fruge	3266
Chacko	3266
Janik	3265
Coco	3264
Driskill	3264
Stickler	3264
Tapley	3264
Ackerson	3264
Chamblee	3263
Howze	3263
Montejano	3263
Lan	3262
Everly	3262
Mijares	3259
Penick	3259
Pellerin	3259
Vyas	3259
Seguin	3259
Ruddy	3258
Deem	3258
Peay	3256
Osterman	3256
Maitland	3256
Mccully	3256
Guay	3255
Lagos	3254
Krone	3253
Paladino	3253
Wightman	3252
Srivastava	3251
Mettler	3250
Eiland	3250
Tso	3249
Xue	3248
Stolz	3248
Shock	3248
Olney	3248
Lavine	3248
Kenworthy	3248
Mancha	3248
Lore	3248
Mccarroll	3246
Nickens	3246
Normand	3246
Oshaughnessy	3246
Parkes	3246
Railey	3246
Grill	3246
Horwitz	3246
Whitton	3246
Twomey	3245
Schantz	3245
Provencher	3245
Montalbano	3245
Courson	3244
Camden	3243
Alpert	3243
Crippen	3242
Hockman	3242
Goines	3242
Palencia	3241
Boutte	3241
Brazier	3240
Dustin	3240
Hoggard	3239
Devers	3238
Throckmorton	3238
Blanding	3237
Furlow	3237
Warr	3236
Bolyard	3235
Sarno	3235
Drexler	3235
Brick	3235
Pauly	3235
Nace	3235
Jurgens	3235
Leitch	3234
Featherstone	3234
Frampton	3233
Hasson	3233
Merced	3233
Million	3233
Boughton	3233
Southall	3231
Line	3231
Goyette	3231
Grable	3231
Guillaume	3230
Chavers	3230
Hocker	3229
Sonnenberg	3229
Spielman	3228
Balk	3228
Leek	3228
Hamlet	3227
Cerny	3227
Shoaf	3227
Sword	3225
Byer	3224
Jaques	3224
Littles	3224
